# This file uses centimeters as units for non-parametric coordinates.

mtllib John obj.mtl
g default
v -8.059068 71.554527 10.004953
v 8.512366 71.554527 10.004952
v -6.885566 76.330757 10.404341
v 7.338865 76.330757 10.404341
v -6.625521 75.476807 -5.250683
v 7.078820 75.476807 -5.250683
v -8.059068 72.168121 -5.811503
v 8.512366 72.168121 -5.811503
v -6.885566 77.196899 -2.283127
v -8.059068 68.892647 -0.746174
v 8.512366 68.892647 -0.746174
v 7.338865 77.196899 -2.283127
v -7.410099 62.058170 -5.396487
v 7.863398 62.058170 -5.396487
v 7.863398 61.940735 -3.324644
v -7.410100 61.940735 -3.324644
v -3.916209 73.941788 10.241255
v -3.916209 78.248367 10.138413
v -3.003395 79.427422 2.666260
v -2.059368 76.900871 -6.311689
v -3.916209 71.733070 -8.897498
v -3.916209 61.623138 -8.216916
v -3.916209 61.940712 -3.324644
v 0.226645 71.382698 10.066547
v 0.226645 76.330757 10.404341
v 0.226646 77.147850 2.268972
v 0.226647 76.109657 -6.872842
v 0.226645 71.558853 -9.446051
v 0.226645 61.448914 -9.138961
v 0.226645 61.940712 -3.324644
v 4.369506 73.941788 10.241255
v 4.369506 78.248367 10.138413
v 3.456691 79.427422 2.666260
v 2.512665 76.900871 -6.311689
v 4.369506 71.733070 -8.897498
v 4.369506 61.623138 -8.216918
v 4.369506 61.940712 -3.324644
v -4.854321 69.309608 -0.814619
v -3.916209 73.047050 7.096525
v -4.902125 71.367554 7.359519
v -3.917173 64.882126 -2.120040
v -4.860379 64.906006 -2.120042
v 0.226645 64.928551 -2.178879
v 0.226645 70.487946 6.921824
v 4.370479 64.882126 -2.120039
v 4.369506 73.047020 7.096525
v 5.307619 69.309608 -0.814618
v 5.313685 64.906006 -2.120040
v 5.355423 71.367554 7.359522
v -3.916224 57.271084 -8.673347
v -4.440307 55.867821 -5.690503
v 0.226631 57.428478 -9.265503
v 0.226631 55.867783 -5.690631
v 4.369492 57.271084 -8.673347
v 4.893576 55.867821 -5.690503
v 5.331520 67.610519 0.439119
v 8.512366 67.409607 1.826855
v 7.338865 76.763687 1.227139
v 3.456691 79.143402 3.900471
v 0.226646 76.547371 3.503198
v -3.003395 79.143402 3.900471
v -6.885566 76.763687 1.227139
v -8.059068 67.409607 1.826855
v -4.878222 67.610519 0.439118
v -6.648427 70.221413 11.666797
v -2.898386 72.754066 11.660092
v -2.898386 75.998177 12.723564
v -5.138226 74.313484 12.171290
v 0.226646 70.221413 11.666797
v 0.226646 74.313484 12.171288
v 3.351682 72.754066 11.660092
v 3.351682 75.998177 12.723564
v 7.101725 70.221390 11.177472
v 5.591525 74.313484 12.171290
v -6.023420 66.464714 12.775529
v -2.898386 69.716469 14.082129
v 3.351682 69.716499 14.571454
v 6.476718 66.464714 12.775529
v 30.907345 3.451102 4.338338
v 32.849903 3.174537 -0.187004
v 27.890310 2.882261 0.238393
v 33.049522 3.403960 2.368160
v 32.001308 -13.851243 4.086089
v 32.808636 -13.773462 4.418006
v 30.879406 -12.807209 6.541537
v 33.435505 -11.664083 0.282484
v 27.971060 1.395594 0.043090
v 33.669384 0.815574 -0.596308
v 33.903378 1.131502 2.885315
v 31.131580 1.188706 5.487787
v 27.446909 -2.514893 1.516272
v 30.306826 2.934847 -0.879206
v 31.046150 0.527585 -1.466688
v 32.672749 0.652128 -1.569240
v 32.859898 -11.798432 0.096253
v 33.127396 -11.654931 -0.003680
v 31.041382 4.716479 3.725204
v 32.775818 4.921169 2.644847
v 33.260189 4.857565 0.650319
v 32.210838 4.562931 -1.090042
v 28.023920 4.068753 1.518095
v 29.073057 4.363393 3.258477
v 28.324892 2.953243 0.388718
v 30.242359 4.209857 -1.556734
v 28.508068 4.005158 -0.476409
v -7.594287 24.093363 7.453300
v -9.704732 22.953386 5.036381
v -14.569658 32.769726 6.125118
v -9.315529 31.302834 8.749524
v 10.158030 22.953386 5.036385
v 7.672282 22.953381 7.799732
v 15.115786 32.643147 6.308324
v -8.003038 50.660500 -2.549489
v -6.220122 50.563442 -5.465785
v -12.843190 22.953409 -3.118134
v -8.144931 22.953419 -6.668674
v 6.649492 50.395119 -5.462965
v 8.327984 50.122265 -2.547857
v 8.598229 22.953417 -6.668718
v 13.296479 22.953409 -3.118126
v -15.295197 46.661354 5.174058
v -7.184032 42.388325 10.959253
v 15.759241 46.675808 5.175093
v 7.633016 42.399319 10.958192
v -6.169342 50.541859 5.938619
v -7.919187 50.458073 3.520877
v 8.231518 49.945320 3.519643
v 6.588227 50.365891 5.940188
v -13.243306 11.595123 -3.121793
v -8.138815 11.590446 -6.950173
v 13.699264 11.593946 -3.122229
v 8.594743 11.588982 -6.949656
v 7.658050 11.614016 7.978957
v 9.933691 11.601897 5.036347
v -9.478228 11.604016 5.037437
v -7.048760 11.331960 7.781112
v -8.256346 6.297619 -10.353271
v -15.239235 4.580519 -3.158118
v 8.699025 6.297830 -10.353291
v 15.693539 4.579187 -3.158684
v 10.781861 4.618432 5.015492
v 7.785562 4.582123 7.703851
v -7.327357 4.583800 7.704457
v -10.326890 4.618982 5.015584
v 11.038869 2.352476 -10.266534
v 16.785717 1.704972 -3.210029
v 12.297176 1.876305 4.986034
v 7.848252 0.581640 7.112033
v 17.270372 -3.217601 -3.090059
v 13.240491 -3.227012 5.137723
v 12.079098 -5.373226 -8.871811
v 9.824906 -4.303752 8.568698
v 6.094601 -6.488429 8.969870
v 3.782516 -7.534993 -9.973899
v 5.611168 -39.097813 2.886322
v 8.000893 -39.895462 7.311592
v 5.484325 -37.990017 -3.288468
v 7.720573 -37.298645 -7.139779
v 13.468353 -37.303349 -7.254009
v 17.872665 -38.141167 -2.714586
v 16.126631 -38.955311 1.863375
v 12.718306 -39.814564 6.736784
v 7.678797 -49.556171 -0.692646
v 10.061772 -50.240772 3.073253
v 7.584372 -48.678543 -5.525479
v 9.829693 -47.998718 -9.400605
v 13.432707 -48.002556 -9.470139
v 17.825598 -48.828880 -4.909496
v 17.888117 -49.413567 -1.709600
v 13.665748 -50.242134 3.002588
v 6.521102 -49.660404 -0.086242
v 9.354486 -50.474388 4.391353
v 6.403876 -48.573425 -6.086025
v 9.060177 -47.761524 -10.671305
v 13.750995 -47.763294 -10.763277
v 18.986387 -48.752327 -5.361613
v 19.065676 -49.491001 -1.303335
v 14.045292 -50.476158 4.299380
v 9.677182 -63.335323 -4.543979
v 11.207705 -63.370861 -1.555152
v 9.706800 -63.303616 -7.864298
v 11.290421 -63.297081 -10.825759
v 15.169066 -63.335003 -10.791453
v 18.045649 -63.388111 -7.153293
v 18.027313 -63.412540 -5.107510
v 15.086497 -63.408783 -1.520844
v 8.840734 -78.079704 0.226182
v 9.968944 -78.037064 -13.036832
v 7.654803 -78.034920 -8.028629
v 15.622500 -78.092331 -12.986828
v 18.729252 -78.147621 -7.987050
v 18.706964 -78.171989 -5.494256
v 16.505299 46.566425 -3.229341
v 8.555668 42.399387 -10.373448
v -8.104735 42.392941 -10.372848
v -15.297001 46.659607 -3.257403
v 15.950735 34.522537 -4.312641
v 8.555670 33.366806 -10.812169
v -8.102370 33.366806 -10.812169
v -15.286963 34.589401 -4.213922
v -8.125441 37.788361 11.465107
v -14.279261 41.618805 7.382137
v -14.279261 41.618862 -5.463774
v -8.102369 36.405815 -11.655481
v 8.555668 36.405815 -11.655481
v 14.930052 41.781963 -5.436148
v 14.732559 41.618809 7.382137
v 7.633017 37.883018 12.153782
v 19.645351 40.572014 -4.735822
v 21.235128 41.883152 5.841002
v 19.442305 43.612926 -2.976923
v 20.257895 44.386063 4.779786
v 19.027693 -49.122047 -3.335217
v 17.856857 -49.121223 -3.309551
v 17.350851 -38.548378 -0.432491
v 16.711588 -2.786981 0.966856
v 15.541277 2.112438 0.910910
v 14.468087 4.608006 0.936990
v 12.465460 11.601545 0.958969
v 12.078509 22.953402 0.959123
v 15.977742 30.196796 0.885167
v 21.997282 44.583126 0.612867
v 15.966183 48.968895 0.959197
v 8.777953 49.943794 0.479619
v -8.504217 50.570576 0.482158
v -15.475066 48.921738 0.955411
v -15.376557 30.311081 0.699324
v -11.625211 22.953402 0.959123
v -12.012011 11.601593 0.958984
v -14.016068 4.606918 0.936502
v 18.715452 27.827602 1.098149
v 20.882519 30.187710 4.707992
v 23.739485 33.564976 4.655064
v 25.291252 35.636509 -0.128002
v 24.961439 35.699169 2.695887
v 19.732239 30.523132 -3.043926
v 22.441551 33.581154 -4.329398
v 24.230804 35.726048 -2.703064
v 20.049885 24.216511 0.413890
v 22.732365 24.492182 3.889616
v 25.472120 25.465601 3.551516
v 28.167418 27.455540 -1.025659
v 28.038977 26.339077 1.783510
v 21.206316 26.360231 -3.563611
v 23.498669 27.679728 -4.641517
v 26.577646 28.100706 -3.397918
v 21.487652 19.704594 0.403682
v 23.794378 21.229933 4.026826
v 26.628839 22.282377 3.739887
v 29.858047 22.718052 -1.098041
v 29.306864 23.328249 1.821797
v 22.846729 19.725445 -4.135847
v 25.803797 19.553556 -5.661252
v 28.910648 21.521568 -3.919828
v 27.070511 6.655132 1.414240
v 28.328262 7.008343 3.500575
v 30.688017 7.431604 4.060044
v 33.347675 7.600744 0.373971
v 32.766933 7.676993 2.764986
v 27.650959 6.578896 -0.976735
v 29.730169 6.824276 -2.271833
v 32.089634 7.247547 -1.712324
v -6.271124 51.342789 0.382035
v -5.820277 51.071449 4.857000
v 7.979924 51.041405 0.382713
v 6.721984 51.328083 0.382228
v 6.264998 51.020782 4.857632
v 7.632974 50.881908 2.924375
v -7.228122 51.096729 2.923316
v -7.562456 51.199451 0.381959
v 6.289650 51.075157 -4.292836
v 7.680113 51.046478 -1.947248
v -5.841987 51.118969 -4.293780
v -7.267584 51.250767 -1.949051
v 1.153222 -9.683446 10.470264
v -0.702443 -9.692989 10.465905
v -2.777997 -1.140451 10.661304
v 2.022048 -9.153036 9.146392
v 3.231262 -1.140455 10.661289
v -1.000228 51.219765 7.684574
v 1.451881 50.905396 7.696403
v 3.484329 42.399315 13.253297
v -3.031111 42.399151 13.253315
v 3.217975 37.883011 13.893166
v -2.764517 37.882835 13.893196
v -2.027035 33.322636 13.041260
v 2.544163 33.366726 13.030108
v 2.544166 21.868311 11.006452
v -2.090868 21.868311 11.006449
v 2.536378 12.708029 11.371085
v -2.443870 11.623546 11.216669
v 2.567822 4.666999 10.854567
v -2.115933 4.668071 10.855181
v 1.544270 51.146725 -6.781178
v -1.080186 51.344593 -6.801078
v 4.245002 42.399395 -11.908690
v -3.792110 42.398487 -11.908589
v 1.892897 22.953424 -8.511697
v -1.439580 22.953424 -8.511698
v 1.882296 11.564594 -8.821879
v -5.275417 0.370461 -11.918171
v 5.731989 0.365981 -11.920091
v -3.392164 -7.586851 -9.973577
v -3.791008 36.405014 -13.190563
v 4.245023 36.405823 -13.190701
v 4.245022 33.366810 -12.347432
v -3.717311 33.301983 -12.333914
v -1.166887 51.424831 5.634180
v 1.622481 51.285366 5.661910
v -1.001343 51.431942 0.380781
v 1.454642 51.431942 0.380781
v 1.558864 51.328804 -4.735229
v -1.099358 51.421921 -4.753296
v 33.092350 4.618985 -2.311680
v 30.017895 4.067531 -3.040601
v 27.309324 3.747816 -1.353301
v 26.552753 3.847152 1.761893
v 28.191761 4.307329 4.480084
v 31.265848 4.858801 5.209058
v 33.974789 5.178500 3.521709
v 34.731171 5.079174 0.406543
v 32.659348 7.283770 -2.501773
v 29.583918 6.735745 -3.239933
v 26.876194 6.412603 -1.543376
v 26.119932 6.511926 1.571772
v 27.758633 6.972118 4.290009
v 30.833069 7.523574 5.018932
v 33.541786 7.843283 3.331615
v 34.298401 7.743946 0.216415
v 10.956564 -78.121094 0.345338
v 14.969004 -78.160324 0.380827
v 7.801174 -73.368546 -7.953948
v 10.014367 -73.390442 -13.037054
v 15.667932 -73.445709 -12.987059
v 18.772818 -73.475807 -7.748468
v 9.302543 -72.926567 10.946891
v 10.877367 -72.951500 15.013756
v 7.490925 -78.076996 10.453932
v 9.720235 -78.108307 15.004179
v 17.942951 -73.008987 10.103892
v 14.889803 -72.990730 15.049233
v 15.373784 -78.163574 15.054186
v 19.661953 -78.193932 9.642159
v 8.986088 -73.379730 0.453500
v 7.534869 -73.365105 10.692497
v 9.766395 -73.386703 15.003957
v 15.420040 -73.441978 15.053996
v 19.705883 -73.484123 9.880737
v 0.876523 0.431486 -10.695745
v 0.570852 -5.395002 -9.148194
v -0.128728 -5.471043 -9.168356
v 9.422447 -70.049530 1.160991
v 9.510556 -68.273888 -0.742589
v 11.030528 -68.288567 3.202931
v 10.997080 -69.898476 5.205329
v 18.186878 -70.648987 -1.359065
v 18.232426 -72.049309 0.617552
v 15.023754 -68.327606 3.238262
v 14.998981 -69.941727 5.209772
v 18.711382 -73.475143 -6.523122
v 18.601027 -72.400864 -5.628417
v 18.723881 -73.825943 -4.309780
v 18.664684 -74.699951 -5.349197
v 10.548101 -69.274460 5.709428
v 10.581550 -67.664543 3.707034
v 15.415196 -69.315536 5.704521
v 15.439969 -67.701416 3.733015
v 18.955242 -70.402740 -1.189628
v 19.000803 -71.803070 0.786981
v 19.522488 -73.766960 -4.289531
v 19.399664 -72.341881 -5.608173
v 1.053180 46.270767 13.261038
v 0.226635 45.974270 13.432220
v -0.599910 46.270767 13.261038
v -0.942276 46.986580 12.847766
v -0.599910 47.702389 12.434497
v 0.226635 47.998886 12.263313
v 1.053180 47.702389 12.434497
v 1.395546 46.986580 12.847766
v 1.564013 45.566589 13.063017
v 0.226635 45.086842 13.339997
v -1.110743 45.566589 13.063017
v -1.664703 46.724792 12.394332
v -1.110743 47.882996 11.725646
v 0.226635 48.362740 11.448668
v 1.564013 47.882996 11.725646
v 2.117973 46.724792 12.394332
v 1.564013 45.317661 12.631861
v 0.288208 45.154831 12.862925
v -1.105748 45.250629 12.637676
v -1.664990 46.474503 11.963270
v -1.110743 47.634068 11.294488
v 0.226635 48.113811 11.017509
v 1.564013 47.634068 11.294488
v 2.117973 46.475864 11.963175
v 1.230107 45.953533 12.352706
v 0.352748 45.699638 12.529633
v -0.552024 46.007225 12.339370
v -0.856751 46.791988 11.915316
v -0.721317 47.366306 11.624074
v 0.100433 47.677475 11.455873
v 0.937294 47.383202 11.620861
v 1.293428 46.663494 12.025824
v 0.226635 46.986584 12.847768
v 0.314627 46.782936 11.916450
v 3.072897 43.949223 -6.320206
v -2.619597 43.949223 -6.320206
v -5.465845 43.589069 -1.329397
v -2.619599 43.228924 3.661417
v 3.072896 43.228924 3.661420
v 5.919143 43.589069 -1.329397
v 2.378196 67.623329 -3.387332
v -1.924896 67.623329 -3.387332
v -4.076442 67.351082 0.385340
v -1.924897 67.078842 4.158029
v 2.378194 67.078842 4.158029
v 4.529740 67.351082 0.385340
v 0.226649 43.589069 -1.329397
v 0.226649 67.351082 0.385340
v -7.789400 27.070612 9.377988
v -5.352046 27.070606 11.252057
v -8.002905 29.095758 9.655788
v -5.624962 29.086210 11.539000
v -7.822416 38.902344 12.274249
v -5.164779 38.764912 13.814020
v -7.552871 40.919804 11.989216
v -4.895301 40.782375 13.529018
v -1.719275 55.614468 9.024495
v 2.314375 55.619278 9.022454
v -5.521591 69.898056 8.277252
v 5.974890 69.898056 8.277256
v -2.928061 71.395782 -4.683146
v 3.381350 71.395782 -4.683146
v -2.928062 61.977085 -6.163599
v 3.381351 61.977085 -6.163597
v -5.745470 59.598705 6.922586
v 6.198769 59.598705 6.922586
v -6.132700 67.172974 7.825663
v 6.585999 67.172974 7.825663
v -6.935108 71.478546 -0.290747
v -6.568333 61.061867 -1.906669
v -2.928062 57.678638 -2.464783
v 3.381351 57.678642 -2.464789
v 7.021632 61.061867 -1.906669
v 7.388406 71.478546 -0.290747
v -1.183400 61.379681 10.347814
v -2.928061 75.495430 0.422035
v 1.636686 61.379681 10.347814
v 3.381350 75.495430 0.422035
v -2.928061 73.289513 8.277083
v 3.381350 73.289513 8.277087
v -2.713440 68.714485 11.670716
v 0.226643 73.289574 9.575595
v 0.226643 75.700005 -0.290957
v 0.359838 71.395782 -4.683146
v 0.359838 61.977085 -6.163597
v 0.359843 57.678661 -2.464787
v 0.440765 55.928326 5.867467
v -0.937613 65.656364 10.421556
v 3.166725 68.714485 11.670716
v 1.390899 65.656364 10.421556
v -0.354273 61.755093 12.245347
v -0.354273 61.150352 11.642830
v 0.807559 61.755093 12.245347
v 0.807559 61.150352 11.642830
v 1.408374 16.070097 11.858971
v 0.222431 15.579978 11.880880
v -0.954516 16.070276 11.859079
v -1.446249 17.253670 11.806378
v -0.955619 18.437233 11.753749
v 0.224065 18.927399 11.731931
v 1.409315 18.437119 11.753678
v 1.899927 17.253544 11.806304
v 0.223545 17.253174 11.796949
v 0.209926 14.880525 11.584130
v 1.894758 15.568210 11.564964
v -1.439492 15.568948 11.565292
v -2.138885 17.239590 11.489946
v -1.447734 18.911482 11.415187
v 0.226650 19.604351 11.384409
v 1.901034 18.911482 11.415187
v 2.591717 17.239756 11.490044
v 0.220742 14.885177 11.828183
v 1.897008 15.577733 11.797197
v -1.442893 15.578019 11.797365
v -2.138875 17.249916 11.722611
v -1.448781 18.922184 11.648128
v 0.226650 19.614677 11.617105
v 1.903489 18.922262 11.648192
v 2.592084 17.249949 11.722631
v 1.407117 16.099743 12.518512
v 1.646834 15.862206 12.561246
v 0.221291 15.273287 12.587586
v 0.221010 15.609614 12.540404
v -1.192185 15.862654 12.561513
v -0.952978 16.100008 12.518673
v -1.784179 17.284418 12.497888
v -1.446217 17.282928 12.465649
v -1.194883 18.706652 12.434616
v -0.955869 18.466413 12.412990
v 0.223728 19.295858 12.408500
v 0.224224 18.956617 12.391204
v 1.651024 18.707132 12.434957
v 1.409239 18.466394 12.412981
v 2.237827 17.284302 12.497818
v 1.899318 17.282991 12.465686
v -6.794214 12.291314 9.143413
v -4.238763 12.571892 10.825511
v -6.925496 14.331911 9.008118
v -4.370565 14.609897 10.693206
v 7.610835 30.296267 10.575396
v 6.558706 29.690353 10.988416
v 5.512358 30.035315 11.644831
v 5.084752 31.129087 12.160176
v 5.526361 32.330959 12.232540
v 6.578577 32.936871 11.819567
v 7.624847 32.591915 11.163133
v 8.052517 31.498133 10.647764
v 6.564303 31.315695 11.395909
v 6.330019 29.192028 10.185745
v 7.816866 30.048283 9.602083
v 4.851352 29.679516 11.113374
v 4.247101 31.225187 11.841603
v 4.871206 32.923618 11.943879
v 6.358057 33.779873 11.360260
v 7.836715 33.292385 10.432620
v 8.441006 31.746706 9.704367
v 6.613300 29.012802 10.872176
v 8.212810 29.935251 10.373934
v 5.037021 29.525805 11.672521
v 4.432765 31.071480 12.400762
v 5.056856 32.769909 12.503037
v 6.543748 33.626163 11.919437
v 8.022404 33.138680 10.991758
v 8.626613 31.592997 10.263517
v 7.917388 30.149567 11.141119
v 8.142652 29.937160 11.001604
v 6.878200 29.209015 11.497910
v 6.865224 29.543652 11.554139
v 5.620783 29.623564 12.286798
v 5.818859 29.888613 12.210535
v 5.106913 30.937992 12.906087
v 5.391263 30.982388 12.725873
v 5.637635 32.382320 12.993042
v 5.832923 32.184258 12.798256
v 6.902033 33.110466 12.496752
v 6.885072 32.790169 12.385255
v 8.159504 32.695915 11.707902
v 7.931420 32.445210 11.728806
v 8.673324 31.381487 11.088601
v 8.359048 31.351431 11.213456
v 12.847961 49.409710 -3.682504
v 10.857418 46.975636 -7.044467
v 8.463890 45.673687 -10.306045
v 4.557224 44.654770 -12.274762
v 0.226649 44.145321 -13.832202
v -4.103927 44.654770 -12.274762
v -8.010592 45.673687 -10.306041
v -10.378193 46.694668 -7.037433
v -12.220450 48.972515 -3.691422
v -11.723029 49.116673 4.507410
v -10.227566 48.538490 6.096521
v -7.952723 48.910236 7.853365
v -4.137231 45.661110 11.639322
v 4.590526 45.661110 11.639320
v 8.406021 48.910236 7.853362
v 10.857406 49.093666 6.101224
v 12.448047 49.697544 4.525237
v 10.328372 52.411633 -2.675842
v 9.310076 52.411640 -5.240146
v 7.724038 52.411644 -7.275192
v 4.557223 52.411652 -8.581772
v 0.226649 52.411652 -9.031994
v -4.103925 52.411652 -8.581772
v -7.270742 52.411644 -7.275188
v -8.856774 52.411640 -5.240146
v -9.875071 52.411633 -2.675842
v -10.225954 52.411629 0.166714
v -9.875071 52.411617 3.009266
v -8.856774 52.411613 5.573571
v -7.270741 52.411610 7.608611
v -4.103922 52.411606 8.915192
v 4.557219 52.411606 8.915192
v 7.724035 52.411610 7.608611
v 9.310069 52.411613 5.573571
v 10.328367 52.411617 3.009266
v 10.679250 52.411629 0.166714
v 12.847961 47.999081 -3.682507
v 10.857418 45.565014 -7.044471
v 8.463890 44.263065 -10.306049
v 4.557225 43.244156 -12.274767
v 0.226649 42.734692 -13.832206
v -4.103927 43.244156 -12.274767
v -8.010592 44.263065 -10.306046
v -10.404114 45.565010 -7.044467
v -12.394655 47.999088 -3.682503
v -11.994749 48.286930 4.525235
v -10.404114 47.683052 6.101220
v -7.952723 47.499615 7.853361
v -4.163968 44.161354 11.646734
v 4.590526 44.250504 11.639316
v 8.406021 47.499615 7.853359
v 10.857406 47.683052 6.101220
v 12.448047 48.286922 4.525233
v 13.362297 49.409710 -3.939923
v 11.244520 46.975636 -7.464176
v 13.362298 47.999088 -3.939927
v 11.244520 45.565014 -7.464180
v 8.767267 45.673687 -10.810889
v 8.767267 44.263065 -10.810894
v 4.713370 44.654770 -12.855886
v 4.713371 43.244156 -12.855890
v 0.226649 44.145325 -14.438472
v 0.226649 42.734695 -14.438476
v -4.260073 44.654770 -12.855886
v -4.260073 43.244156 -12.855890
v -8.313968 45.673687 -10.810882
v -8.313968 44.263065 -10.810886
v -10.791218 46.975636 -7.464172
v -10.791218 45.565014 -7.464176
v -12.908989 49.409710 -3.939923
v -12.908989 47.999084 -3.939927
v -12.509083 49.697544 4.782662
v -12.509083 48.286922 4.782659
v -10.791214 49.093666 6.520928
v -10.791214 47.683052 6.520925
v -8.277390 48.910233 8.341584
v -8.277390 47.499611 8.341580
v -4.318105 45.661110 12.211527
v -4.318105 44.250504 12.211522
v 4.771400 45.661110 12.211527
v 4.771400 44.250504 12.211522
v 8.730688 48.910233 8.341582
v 8.730688 47.499611 8.341578
v 11.244511 49.093666 6.520926
v 11.244511 47.683052 6.520923
v 12.962378 49.697544 4.782662
v 12.962378 48.286922 4.782659
v 2.391718 44.399952 13.136633
v -1.938421 44.399952 13.136633
v -1.938421 52.411602 9.140324
v 2.391718 52.411602 9.140324
v 10.120205 52.411629 -0.067875
v 9.890535 52.411633 -1.948349
v 9.201484 52.411640 -3.762096
v 8.051985 52.411644 -5.439170
v 4.440220 52.411648 -7.477966
v 0.226646 52.411652 -8.548870
v -3.986933 52.411648 -7.477966
v -7.598686 52.411644 -5.439170
v -8.748174 52.411640 -3.762096
v -9.437236 52.411633 -1.948349
v -9.666906 52.411629 -0.067875
v -9.437235 52.411625 1.857285
v -8.748174 52.411617 4.004517
v -7.598690 52.411613 5.650719
v -3.890435 52.411610 7.924712
v 4.343728 52.411610 7.924712
v 8.051985 52.411613 5.650719
v 9.201484 52.411617 4.004521
v 9.890533 52.411625 1.857285
v 4.255021 47.999054 5.657939
v 4.255021 47.379230 8.196916
v 4.255021 47.499607 9.410892
v 2.614256 43.873001 11.639315
v -2.160960 43.873001 11.639315
v -3.801723 47.499607 9.410892
v -3.801723 47.379230 8.196916
v -3.801723 47.999054 5.657939
v -3.331573 48.466591 -5.774280
v -3.070691 47.994850 -6.716019
v -2.264732 47.763828 -7.802796
v -1.120340 47.550453 -8.562783
v 0.226649 47.424698 -8.840669
v 1.573638 47.550453 -8.562783
v 2.718029 47.763828 -7.802796
v 3.523989 47.994850 -6.716019
v 3.784872 48.466591 -5.774280
v -1.938421 42.989330 13.136629
v 2.391718 42.989330 13.136629
v -1.938421 44.391094 13.742901
v 2.391718 44.391094 13.742901
v -1.938421 42.980465 13.742897
v 2.391718 42.980465 13.742897
v -6.044978 46.349323 9.556725
v -6.297748 46.349323 10.086933
v -6.297748 47.759945 10.086937
v -6.044978 47.759945 9.556726
v -5.687330 52.411606 8.261902
v 6.140628 52.411606 8.261902
v 6.498272 47.759945 9.556725
v 6.751043 47.759945 10.086937
v 6.751043 46.349323 10.086933
v 6.498272 46.349323 9.556721
v 4.255021 46.349316 10.525105
v -3.801723 46.349316 10.525105
v 0.226646 52.411606 8.725941
v 0.226648 52.411602 9.140324
v 0.226649 44.040195 13.722204
v 0.226648 44.031349 14.328472
v 0.226648 42.620712 14.328469
v 0.226648 42.629574 13.722201
v 0.226648 43.873001 11.639315
v 0.226649 46.349316 10.525105
v 0.226649 47.499607 9.410892
v 0.226649 47.379230 8.196916
v 0.226649 47.999054 5.657939
v 0.226649 48.466591 -5.774280
v 0.226649 47.994850 -6.716019
v 0.226649 47.763828 -7.802796
v 0.226649 47.550453 -8.562783
v 0.226647 55.468014 7.350944
v 0.226647 55.468048 -7.197371
v -3.325315 55.468048 -6.458430
v -6.369950 55.468044 -4.720916
v -7.338944 55.468044 -3.291671
v -7.919808 55.468037 -1.745952
v -8.113418 55.468033 -0.143363
v -7.919808 55.468029 1.497308
v -7.338944 55.468021 3.327229
v -6.369954 55.468021 4.730165
v -3.243969 55.468018 6.714185
v 8.373107 55.468037 -1.745948
v 8.566717 55.468033 -0.143363
v 7.792251 55.468044 -3.291671
v 6.823250 55.468044 -4.720916
v 3.778605 55.468048 -6.458430
v 3.697263 55.468018 6.714185
v 6.823250 55.468021 4.730165
v 7.792251 55.468021 3.327229
v 8.373107 55.468029 1.497308
v -13.230344 50.726894 2.170391
v -13.312754 50.702911 -0.302598
v -13.870033 50.727814 -0.309636
v -13.800709 50.760235 2.163291
v -13.230344 49.316273 2.170387
v -13.312754 49.292282 -0.302601
v -13.870122 49.317284 -0.309407
v -13.800809 49.349697 2.163055
v 13.766051 50.702911 -0.302598
v 13.683641 50.726894 2.170391
v 14.254001 50.760235 2.163291
v 14.323332 50.727814 -0.309636
v 13.766051 49.292282 -0.302601
v 13.683641 49.316265 2.170387
v 14.254103 49.349697 2.163055
v 14.323419 49.317284 -0.309407
v 13.734140 48.827412 -4.177240
v 11.486999 46.244656 -7.916773
v 8.858421 44.863182 -11.467918
v 4.556891 43.782024 -13.637836
v 0.226649 43.241455 -15.317094
v -4.103593 43.782024 -13.637836
v -8.405122 44.863182 -11.467911
v -11.033696 46.244656 -7.916769
v -13.280832 48.827412 -4.177237
v -14.300630 50.226089 -0.325071
v -14.227077 50.260487 2.298670
v -12.856498 49.132828 5.078172
v -11.033693 48.492073 6.922620
v -8.366310 48.297432 8.854491
v -6.265741 47.076878 10.706460
v -4.165171 44.849846 12.960831
v -1.640123 43.502235 14.585750
v 0.226648 43.120510 15.207093
v 2.093420 43.502235 14.585750
v 4.618466 44.849846 12.960831
v 6.719037 47.076878 10.706460
v 8.819609 48.297432 8.854489
v 11.486989 48.492073 6.922618
v 13.309793 49.132828 5.078170
v 14.680369 50.260487 2.298670
v 14.753928 50.226089 -0.325071
v 12.108402 -28.177685 -3.092902
v 15.965240 -27.654627 2.223211
v 15.430218 -27.451296 5.038796
v 7.076823 -28.023766 -2.959242
v 4.764268 -27.791714 1.500495
v 5.515600 -33.987553 -1.071400
v 16.483105 -34.784462 1.858216
v 16.721233 -33.061165 0.127006
v 12.618096 -31.660946 -4.837128
v 7.778669 -31.596395 -4.710614
v 12.310250 -30.414499 -2.764246
v 12.332953 -29.581816 -3.363211
v 7.316440 -30.535448 -2.702982
v 7.313357 -29.645237 -3.248197
v 16.121988 -30.543369 2.208183
v 16.264671 -31.143991 1.270079
v 15.774545 -31.746008 3.817114
v 15.585922 -30.460867 4.930653
v 5.261807 -30.640757 1.547303
v 5.346841 -31.079348 0.768301
v 23.740879 26.093576 -4.431750
v 25.137390 21.684364 -5.489475
v 23.656542 21.265881 -4.535871
v 22.515574 25.703959 -3.580905
v 25.985401 26.881786 -3.258610
v 27.360838 22.326334 -4.238175
v 20.557863 22.244923 0.527806
v 23.056421 23.535231 4.005611
v 25.886793 24.407255 3.688301
v 28.586210 25.167658 1.823538
v 29.085188 25.121576 -0.986468
v 27.895090 24.408964 -3.488871
v 26.648705 24.659538 -3.895954
v 24.349693 23.937786 -5.192547
v 23.071369 23.517380 -4.187853
v 22.123196 22.695232 -3.730863
v 31.724388 -6.357316 5.900433
v 31.668545 -7.667072 6.014943
v 34.108807 -6.697047 0.043580
v 34.058525 -8.009379 0.134346
v 34.138317 -6.400139 3.440925
v 34.044548 -7.708720 3.575702
v 32.296814 -7.885400 2.858843
v 32.277893 -6.580737 2.676012
v 33.481094 -8.075418 -0.423500
v 33.441040 -6.770195 -0.586858
v 32.660072 -6.821766 -0.539932
v 32.839458 -8.115792 -0.366935
v 32.123791 -11.738744 3.590723
v 32.184807 -10.380079 3.332663
v 31.418873 -9.782248 6.192826
v 31.085598 -11.050979 6.513804
v 33.592243 -10.265388 3.915860
v 33.356419 -11.598987 4.093280
v 33.873722 -9.357286 0.206225
v 33.690964 -10.692113 0.277372
v 33.374954 -9.388471 -0.274978
v 33.267834 -10.717232 -0.124713
v 32.839748 -9.459759 -0.205849
v 32.840111 -10.824315 -0.042307
v 28.303139 3.187766 3.875626
v 27.548738 3.045561 2.850668
v 26.829060 1.802934 2.107429
v 27.411053 1.851067 3.614928
v 26.057062 -1.282826 2.885432
v 26.720762 -0.991493 4.239624
v 28.952312 3.183781 3.220134
v 28.431814 3.076587 2.307256
v 25.681862 -8.669232 4.995498
v 25.735674 -8.986618 5.516997
v 26.835571 -8.740303 5.931511
v 26.455446 -8.935687 6.150229
v 26.651840 -9.197388 4.303592
v 26.231260 -8.700505 4.304836
v 27.399752 -8.677633 5.027841
v 27.261532 -9.190932 4.686651
v 30.065584 0.278033 1.712398
v 26.041531 -2.120003 3.309682
v 25.981543 -3.722367 3.919894
v 27.072237 -3.329449 2.494799
v 27.142035 -3.132473 2.373731
v 26.361698 -3.750366 4.744078
v 26.571737 -1.870362 4.393972
v 27.504902 -1.896531 5.411829
v 27.082064 -3.676966 5.419991
v 27.728876 -3.129344 2.592216
v 27.694735 -3.333657 2.730841
v 28.122894 -3.551109 3.466912
v 28.258202 -3.380127 3.430280
v 27.596874 -3.843234 5.239121
v 27.872385 -2.613994 5.225981
v 28.310789 -3.367512 3.857282
v 28.172350 -3.534488 3.908010
v 30.563326 -6.310830 6.230339
v 30.691675 -7.620867 6.269607
v 30.597937 -9.714611 6.465790
v 30.315969 -11.036562 6.383870
v 30.270969 -12.760384 6.537244
v 27.922785 1.716663 4.258819
v 28.150530 -0.802475 5.548510
v 29.910625 -6.357017 5.052428
v 29.945295 -6.349655 5.945570
v 30.220884 -7.756698 5.355733
v 30.205404 -7.659172 5.940397
v 30.377861 -11.186839 5.583626
v 30.217827 -11.085118 6.009880
v 30.476725 -12.924501 5.876922
v 30.266737 -12.786232 6.276165
v 30.242697 -9.737085 6.171341
v 30.184504 -9.807184 5.562620
v 27.934216 -2.960686 2.612550
v 29.047623 -2.776928 3.019498
v 25.779964 -6.783176 4.497586
v 25.873468 -5.255885 4.171637
v 26.544022 -6.292026 3.410768
v 26.619175 -5.811732 3.249138
v 27.144827 -6.290391 3.541214
v 27.228983 -5.819052 3.414404
v 27.684954 -6.294059 4.067954
v 27.757797 -5.819928 3.965225
v 27.767277 -6.231348 4.495209
v 27.838568 -5.756249 4.391757
v 27.205149 -6.698801 5.694627
v 27.436779 -5.165695 5.471159
v 26.758106 -6.512862 5.774518
v 26.935007 -5.062301 5.584255
v 26.082548 -6.578133 5.160805
v 26.241293 -5.124571 4.941084
v 25.955994 -6.340592 4.813841
v 26.048111 -6.419162 5.115169
v 26.976742 -6.197752 5.809153
v 26.793015 -6.344467 5.806638
v 27.104544 -5.363043 5.693899
v 26.960207 -5.191743 5.679382
v 26.207069 -5.257458 4.991704
v 26.007809 -5.504235 4.635152
v 34.051685 -7.409082 3.557926
v 34.130718 -6.699748 3.458973
v 31.716478 -6.656637 5.919434
v 31.677652 -7.367804 5.995723
v 33.688923 -7.753376 -0.255060
v 33.665863 -7.043832 -0.342253
v 34.101639 -6.995692 0.072869
v 34.065414 -7.710728 0.105001
v 30.885004 -6.622877 6.162138
v 30.952969 -7.333991 6.178410
v 31.115042 -10.753218 6.484680
v 33.399261 -11.298431 4.115417
v 33.551441 -10.565840 3.891233
v 31.387993 -10.079249 6.226571
v 33.721504 -10.388736 0.295037
v 33.843132 -9.660800 0.187896
v 33.507408 -10.406693 0.049010
v 33.567860 -9.672436 -0.034426
v 30.864422 -10.037191 6.387169
v 30.619005 -10.742636 6.415244
v 33.933170 -3.058444 -0.272848
v 34.030251 -4.924039 -0.111840
v 34.048359 -2.753855 3.159956
v 34.099106 -4.623371 3.301712
v 31.691439 -4.583935 5.727233
v 31.388557 -2.686342 5.810287
v 33.049759 -3.170830 -1.056504
v 33.247135 -5.020152 -0.813899
v 31.833187 -3.223870 -1.051879
v 32.199184 -4.735459 -0.763451
v 31.743353 -2.770310 2.179851
v 32.129681 -3.915481 2.429762
v 29.268909 -4.575572 4.297353
v 28.635315 -3.592910 3.900817
v 29.522312 -2.956657 5.543694
v 30.223600 -4.741529 6.061771
v 29.030563 -3.114670 5.277762
v 29.583326 -4.726582 5.557166
v 33.951443 -3.456566 -0.238637
v 34.012547 -4.525851 -0.145508
v 33.503487 -4.588206 -0.600404
v 33.389381 -3.528171 -0.738537
v 34.065952 -3.152185 3.192124
v 34.081291 -4.225034 3.269614
v 31.423042 -3.083217 5.850930
v 31.661396 -4.186278 5.688441
v 30.021715 -3.287119 5.643801
v 30.522007 -4.307996 5.953432
v 26.165016 -2.341571 3.680669
v 26.120680 -3.433521 4.098136
v 26.400434 -3.453910 4.708097
v 26.537119 -2.164004 4.450423
v 27.031332 -3.363503 5.434865
v 27.139153 -2.114406 5.437073
v 27.430706 -3.296065 5.244805
v 27.517696 -2.659479 5.347956
v 21.428974 38.723000 5.977743
v 19.787384 38.686287 -4.852237
v 23.725195 41.632736 0.596808
v 23.992355 38.975998 0.668500
v -15.365170 48.297695 3.287668
v -8.215713 50.529610 2.001510
v -7.402121 51.178455 1.652477
v -6.065956 51.326431 2.617912
v -1.001343 51.431931 3.009496
v 1.454642 51.431931 3.009496
v 6.516058 51.307358 2.618159
v 7.809656 50.976048 1.653465
v 8.463379 49.797070 1.999179
v 15.862632 48.352257 3.292109
v 21.580664 44.473339 3.133463
v 23.190836 41.646812 3.557818
v 23.784174 38.624706 3.248908
v -15.387029 48.320675 -1.375806
v -8.352544 50.986881 -1.033372
v -7.423732 51.264191 -0.783762
v -6.072367 51.355137 -1.958237
v -1.001344 51.431946 -2.185364
v 1.454642 51.431946 -2.185364
v 6.523675 51.341583 -1.958021
v 7.868781 51.225391 -0.783515
v 8.700682 50.585159 -1.033515
v 16.234245 48.255478 -1.364578
v 21.739075 44.213348 -1.983044
v 22.526344 41.270145 -2.611726
v 23.114388 38.686390 -2.458761
v 16.989494 30.341381 1.307733
v 18.300858 33.558613 5.885596
v 22.683706 36.378342 5.401261
v 24.240021 37.367123 2.938364
v 24.574392 37.489784 0.245376
v 23.687845 37.520252 -2.586272
v 20.718998 36.325893 -4.572743
v 17.593039 33.562935 -3.447573
v 26.880733 7.099940 1.390935
v 28.167812 7.511583 3.531368
v 30.544552 7.953189 4.060915
v 32.646523 8.218060 2.742484
v 33.230404 8.110871 0.329885
v 31.981485 7.731761 -1.828861
v 29.598827 7.249693 -2.422679
v 27.491112 7.015230 -1.096800
v 6.333325 -20.271297 -4.787779
v 11.944788 -17.952389 -5.602167
v 16.961636 -15.089046 -0.669935
v 16.448086 -14.628655 3.132734
v 13.558438 -15.151212 6.826424
v 11.092832 -15.908438 9.810945
v 6.186570 -17.709969 10.061568
v 3.917563 -19.602509 7.432003
v 3.192651 -20.825476 -0.899634
v -0.773308 -11.943582 5.759126
v 1.228042 -11.950806 5.755867
v 1.633782 -11.789629 6.378496
v 3.184928 -9.543022 7.557025
v 1.285821 -12.057522 -4.947911
v 12.059324 -16.058470 -6.296090
v 5.947110 -17.108438 -6.033040
v 1.581666 -16.546421 -2.790784
v 2.620555 -15.538250 6.934841
v 6.461400 -14.169235 9.997897
v 10.186802 -13.321368 9.981439
v 13.427325 -13.300353 6.783949
v 16.593557 -13.402302 2.988861
v 17.085537 -14.059930 -0.907722
v 5.171382 -3.994835 -11.024682
v 0.718506 -3.250701 -10.363335
v -0.264828 -3.311399 -10.386162
v -5.335049 -4.645155 -10.951814
v -1.741601 -5.376233 11.046234
v 2.199651 -5.364726 11.051633
v 3.298355 -4.835707 10.169672
v 4.563793 -3.574460 9.536363
v 8.745787 -1.424548 7.704988
v 12.686773 -0.329133 4.932075
v 16.022261 -0.038964 0.868013
v 17.114201 -0.442438 -3.288154
v 11.490828 -1.276752 -9.853033
v -0.168772 -10.751333 -4.549393
v 0.654938 -10.743405 -4.548749
v 5.569082 -27.017235 7.425490
v 13.962680 -26.822554 8.231112
v 11.554466 -24.146084 11.285888
v 6.809157 -24.441038 10.955784
v 14.676332 -32.356133 6.786367
v 11.586967 -30.213917 11.969586
v 7.695584 -30.316444 11.718957
v 5.663195 -32.125496 6.899206
v 14.150792 -29.651434 8.417664
v 12.004245 -26.827772 11.235839
v 6.784787 -27.054695 10.919812
v 5.667113 -29.318163 7.846516
v 9.470475 -16.471134 10.613107
v 10.419457 -24.388193 12.455180
v 10.962901 -27.882597 12.793755
v 10.721194 -31.174143 12.200310
v 10.819822 -32.864487 10.773250
v 7.838910 -17.025194 10.689522
v 8.176229 -24.499453 12.366063
v 8.131355 -27.957758 12.686470
v 8.507103 -31.241333 12.132051
v 7.984896 -32.953636 10.696464
v 11.014219 -35.411640 9.406237
v 7.711802 -35.454243 9.341032
v 15.372274 -35.520496 4.038058
v 5.601091 -35.390255 4.500930
v -9.592592 17.277639 5.036366
v -7.215235 17.277636 7.895795
v -2.661703 17.278484 11.434336
v 3.117622 17.277502 11.433764
v 7.668537 17.277634 7.895795
v 10.045889 17.277641 5.036366
v 12.271348 17.277653 0.959105
v 13.489324 17.277662 -3.118151
v 8.594211 17.277672 -6.803700
v 1.892896 17.277678 -8.646525
v -1.426240 17.285578 -8.642261
v -8.140918 17.277670 -6.803699
v -13.036028 17.277662 -3.118149
v -11.818049 17.277653 0.959105
v 0.267753 -9.882429 10.823973
v 0.236257 -12.143024 6.040413
v 0.212592 -10.697270 -4.526406
v 0.156355 -5.434452 -9.183700
v 0.181439 -3.341335 -10.402886
v 0.195123 0.365745 -10.719373
v 0.161159 11.574354 -9.242832
v 0.201149 17.290442 -9.059848
v 0.226650 22.953426 -8.932098
v -0.061898 33.136494 -12.716123
v 0.226650 36.405823 -13.611126
v 0.226650 42.399399 -12.329134
v 0.226650 51.431957 -6.803232
v 0.226650 51.431953 -4.751519
v 0.226650 51.431946 -2.185364
v 0.226650 51.431942 0.380781
v 0.226650 51.431931 3.009496
v 0.226650 51.431927 5.638216
v 0.226650 51.431919 7.676527
v 0.226650 42.399315 13.253297
v 0.226650 37.883018 14.116398
v 0.076615 33.272907 13.279168
v 0.226650 21.868309 11.125846
v 0.177502 12.713811 11.704026
v 0.258986 4.694298 11.193918
v 0.261827 -1.105429 10.669948
v 0.256010 -5.453887 11.448343
v -7.489072 27.155861 8.987416
v -5.051762 27.155853 10.861466
v -5.265330 29.181004 11.139282
v -7.702622 29.181009 9.265202
v -4.094054 14.598608 10.276505
v -3.962420 12.560139 10.409006
v -6.649102 14.320542 8.591621
v -6.517861 12.279705 8.726926
v -7.310185 40.827030 11.562027
v -7.579683 38.809570 11.847060
v -4.922071 38.672146 13.386843
v -4.652597 40.689606 13.101817
v 0.226647 55.468018 6.435922
v 0.226647 55.468048 -6.278106
v -3.002759 55.468048 -5.606265
v -5.742317 55.468044 -4.042853
v -6.534052 55.468037 -2.875060
v -7.039279 55.468037 -1.530616
v -7.207025 55.468033 -0.142112
v -7.036055 55.468029 1.306710
v -6.521871 55.468021 2.926568
v -5.733318 55.468021 4.068261
v -2.909436 55.468018 5.860539
v 7.492578 55.468037 -1.530616
v 7.660325 55.468033 -0.142112
v 6.987358 55.468037 -2.875060
v 6.195619 55.468044 -4.042850
v 3.456049 55.468048 -5.606265
v 3.362730 55.468018 5.860539
v 6.186617 55.468021 4.068257
v 6.975177 55.468021 2.926568
v 7.489354 55.468029 1.306710
v 0.226647 54.699738 6.435919
v 0.226647 54.699768 -6.278108
v -3.002759 54.699768 -5.606267
v -5.742317 54.699764 -4.042856
v -6.534052 54.699757 -2.875062
v -7.039279 54.699757 -1.530618
v -7.207025 54.699753 -0.142114
v -7.036055 54.699749 1.306708
v -6.521871 54.699741 2.926566
v -5.733318 54.699741 4.068259
v -2.909436 54.699738 5.860537
v 7.492578 54.699757 -1.530618
v 7.660325 54.699753 -0.142114
v 6.987358 54.699757 -2.875062
v 6.195619 54.699764 -4.042852
v 3.456049 54.699768 -5.606267
v 3.362730 54.699738 5.860537
v 6.186617 54.699741 4.068255
v 6.975177 54.699741 2.926566
v 7.489354 54.699749 1.306708
v -16.327888 1.719231 -3.203740
v -10.585810 2.348406 -10.268396
v -15.087574 2.113047 0.911170
v -11.835248 1.881960 4.988104
v -7.393279 0.581611 7.111944
v -7.822701 -39.910233 7.260506
v -5.430745 -39.138535 2.831841
v -7.576056 -49.588886 -0.724712
v -9.960963 -50.248905 3.044352
v -5.300741 -38.043938 -3.345237
v -7.479082 -48.721558 -5.559355
v -7.534957 -37.344208 -7.196218
v -9.722490 -48.033363 -9.434149
v -13.282708 -37.307930 -7.306072
v -13.325488 -48.011505 -9.500933
v -17.689270 -38.104321 -2.762504
v -17.720644 -48.797249 -4.935295
v -17.752758 -49.086178 -3.334747
v -17.168682 -38.511047 -0.479854
v -15.945704 -38.922684 1.816600
v -17.784876 -49.375111 -1.734194
v -12.539856 -39.796661 6.689122
v -13.564909 -50.224567 2.976428
v -6.418670 -49.700214 -0.118983
v -9.254351 -50.484966 4.362376
v -6.293458 -48.629204 -6.111526
v -8.944796 -47.802708 -10.688802
v -13.637803 -47.769783 -10.781652
v -18.881203 -48.713276 -5.386681
v -18.923590 -49.078663 -3.359526
v -18.962646 -49.443298 -1.326882
v -13.945118 -50.453285 4.273971
v -9.677261 -63.335514 -4.543880
v -11.207905 -63.370949 -1.555120
v -9.706743 -63.303875 -7.864192
v -11.290236 -63.297401 -10.825704
v -15.168880 -63.335228 -10.791550
v -18.045616 -63.388119 -7.153511
v -18.027367 -63.412502 -5.107732
v -15.086699 -63.408760 -1.520961
v -10.878559 -72.951744 15.013792
v -9.303583 -72.926872 10.946989
v -7.535918 -73.365479 10.692659
v -9.767604 -73.387001 15.004032
v -7.801531 -73.368896 -7.953781
v -8.986756 -73.380035 0.453616
v -17.943966 -73.008934 10.103669
v -14.890998 -72.990814 15.049121
v -15.421253 -73.442039 15.053860
v -19.706907 -73.484001 9.880447
v -18.601431 -72.400757 -5.628653
v -18.711796 -73.475037 -6.523362
v -18.773186 -73.475700 -7.748709
v -2.861476 -4.922252 10.156955
v -9.510971 -68.274178 -0.742491
v -8.841587 -78.080017 0.226304
v -9.969302 -78.037300 -13.036743
v -10.957423 -78.121315 0.345381
v -15.622863 -78.092339 -12.986949
v -18.707611 -78.171883 -5.494497
v -14.969865 -78.160378 0.380720
v -10.014536 -73.390678 -13.036965
v -15.668104 -73.445717 -12.987182
v -7.492158 -78.077377 10.454096
v -9.721640 -78.108597 15.004254
v -19.663158 -78.193810 9.641872
v -15.375192 -78.163635 15.054051
v -18.665192 -74.699844 -5.349436
v -18.724390 -73.825844 -4.310021
v -18.729805 -78.147507 -7.987289
v -7.655348 -78.035271 -8.028459
v -9.423005 -70.049828 1.161091
v -10.548797 -69.274712 5.709482
v -10.582106 -67.664795 3.707088
v -15.415894 -69.315590 5.704395
v -15.440529 -67.701462 3.732890
v -18.955729 -70.402634 -1.189881
v -19.001419 -71.802963 0.786725
v -19.522995 -73.766823 -4.289803
v -19.400066 -72.341743 -5.608438
v -11.031092 -68.288795 3.202970
v -15.024321 -68.327667 3.238151
v -18.187368 -70.648903 -1.359289
v -10.997783 -69.898697 5.205367
v -18.233046 -72.049240 0.617325
v -14.999685 -69.941795 5.209661
v -6.808676 -28.002623 -3.021095
v -6.013812 -20.276114 -4.832531
v -11.647699 -17.903633 -5.640013
v -11.840566 -28.126738 -3.161852
v -16.607027 -15.023873 -0.704064
v -15.700453 -27.606190 2.154855
v -2.876595 -20.863844 -0.945349
v -4.498386 -27.811016 1.443448
v -16.094391 -14.574529 3.100443
v -15.164259 -27.415890 4.969657
v -16.498400 -33.022392 0.064307
v -16.270575 -34.736645 1.784559
v -12.391480 -31.671106 -4.900388
v -7.553119 -31.648237 -4.776968
v -5.290811 -34.034264 -1.139633
v -11.931183 -28.405813 -2.939472
v -12.091712 -29.599205 -3.430506
v -7.072514 -29.695181 -3.320713
v -6.941038 -28.582001 -2.837958
v -15.819757 -29.673687 1.797596
v -16.028057 -31.111134 1.207651
v -5.117398 -31.131777 0.699518
v -4.952224 -29.707651 1.295695
v -15.329808 -30.252333 4.462342
v -15.539671 -31.706678 3.745639
v -11.723088 -16.013405 -6.331131
v -5.635988 -17.117580 -6.070879
v -11.664058 -5.317691 -8.876494
v -16.831627 -3.106851 -3.080895
v -16.737318 -13.982030 -0.936439
v -16.262533 -2.679529 0.980440
v -16.237696 -13.340019 2.961782
v -13.065307 -13.278730 6.755808
v -12.791462 -3.181566 5.141948
v -9.387286 -4.311038 8.564966
v -9.820984 -13.335925 9.952543
v -5.678805 -6.536633 8.958035
v -6.124615 -14.220290 9.961935
v -2.815512 -9.657884 7.506629
v -1.305663 -16.623367 -2.822638
v -2.284905 -15.606273 6.904850
v -1.315886 -11.896341 6.365367
v -0.966551 -12.194668 -4.972765
v -1.938561 -9.579727 9.209016
v -3.605685 -19.660303 7.389089
v -5.847611 -17.754917 10.021540
v -7.528465 -17.061316 10.648635
v -9.123786 -16.493753 10.575599
v -10.749517 -15.914805 9.775419
v -13.208835 -15.130329 6.792942
v -4.115248 -3.637870 9.529781
v -16.647116 -0.381994 -3.289977
v -11.019385 -1.247854 -9.855284
v -15.553212 0.011019 0.871828
v -8.265177 -1.430625 7.705952
v -12.219535 -0.311937 4.936396
v -5.302595 -27.050886 7.338337
v -11.270782 -24.153645 11.228169
v -13.694451 -26.804205 8.165352
v -10.133354 -24.408123 12.396860
v -6.524527 -24.483837 10.898262
v -13.955061 -30.333225 8.058403
v -11.845055 -28.297108 11.518653
v -11.340102 -30.206133 11.899863
v -14.444701 -32.325024 6.722538
v -10.701567 -27.898600 12.725652
v -10.471877 -31.143541 12.139427
v -6.618601 -28.487621 11.240638
v -5.454477 -29.930809 7.722788
v -5.429644 -32.158009 6.831283
v -7.454768 -30.333609 11.647506
v -10.583611 -32.839142 10.721120
v -7.902226 -24.532667 12.302410
v -7.867977 -27.954264 12.602696
v -8.263997 -31.245747 12.064075
v -7.756589 -32.968777 10.627530
v -7.506125 -35.479633 9.258001
v -10.802185 -35.400749 9.348528
v -15.165051 -35.487617 3.979517
v -5.401585 -35.425694 4.438410
v -32.332527 -13.836581 3.947606
v -33.167217 -13.752575 4.201019
v -31.603573 -12.827123 6.271058
v -30.994297 -12.918402 5.783126
v -33.086689 3.423442 2.126975
v -34.002453 1.157854 2.561791
v -33.440018 0.835706 -0.881484
v -32.646122 3.189243 -0.397397
v -31.490955 1.198546 5.416565
v -31.141743 3.457770 4.292328
v -32.792000 -11.782877 -0.107156
v -33.047707 -11.637581 -0.232220
v -33.381748 -11.644146 0.023280
v -30.050453 2.930382 -0.843901
v -32.356403 0.663833 -1.754894
v -30.543428 0.488857 -1.667806
v -27.486506 1.429061 0.344022
v -27.751917 2.861916 0.498960
v -28.198311 2.936213 0.607155
v -32.829475 4.939103 2.427759
v -31.207283 4.723439 3.668454
v -28.290735 3.988307 -0.272362
v -28.486696 3.062835 2.506669
v -27.998240 4.051015 1.759141
v -33.122223 4.876289 0.396211
v -31.914122 4.571805 -1.236139
v -29.912750 4.204064 -1.513041
v -19.214285 43.410908 -3.168555
v -19.147709 40.160618 -4.746174
v -21.509886 44.577808 0.315588
v -21.263161 44.552719 2.901677
v -21.013712 42.002640 5.795376
v -20.299971 44.502922 4.605388
v -21.264477 44.020386 -2.230422
v -16.213747 30.638557 1.276938
v -16.775806 33.319798 6.076016
v -16.962070 33.390598 -2.517887
v -20.033110 30.539492 5.097404
v -18.364815 28.002090 1.786363
v -19.757769 24.235538 1.258634
v -22.719162 24.724216 4.504181
v -23.365877 33.883308 4.639404
v -25.408758 25.588190 3.886067
v -24.802118 34.925301 -0.388952
v -24.722557 35.055111 2.443002
v -27.858721 26.228374 1.867635
v -27.638784 27.122211 -0.996865
v -18.828438 30.577593 -2.524997
v -20.521940 26.104786 -2.911877
v -21.198692 31.717772 -4.286969
v -22.588829 27.092876 -4.250030
v -23.468735 34.819263 -2.889957
v -25.907085 27.521101 -3.277575
v -20.302860 22.276344 1.456402
v -23.045622 23.790827 4.651748
v -25.833870 24.670361 4.067694
v -28.405163 25.323290 1.962859
v -28.643921 25.050793 -0.873161
v -21.535524 22.472134 -2.928075
v -27.309935 24.157085 -3.231665
v -23.898184 21.188580 4.649857
v -21.270769 19.640636 1.265868
v -26.826044 7.073757 1.739271
v -28.308065 7.497413 3.747319
v -26.686245 22.264385 4.094956
v -30.721157 7.956803 4.048010
v -29.439428 22.708525 -1.034865
v -29.168974 23.311964 1.924140
v -32.686069 8.235066 2.535257
v -33.038338 8.128942 0.078020
v -22.194241 19.658403 -3.381099
v -27.197382 6.990216 -0.795150
v -24.995174 19.502813 -5.178415
v -29.167534 7.238079 -2.315719
v -28.235088 21.508465 -3.757331
v -31.592348 7.738018 -1.951682
v -32.674889 4.632604 -2.536189
v -29.549067 4.058191 -2.968706
v -29.078651 6.722961 -3.127460
v -32.206322 7.294051 -2.685818
v -27.015856 3.721202 -1.030968
v -26.547192 6.382554 -1.180570
v -26.558622 3.819152 2.142052
v -26.090265 6.480496 1.992373
v -28.445597 4.294659 4.691543
v -27.976934 6.956011 4.541939
v -31.571028 4.869183 5.124151
v -31.102705 7.530521 4.974464
v -34.104568 5.206231 3.186319
v -33.636063 7.867509 3.036695
v -34.561661 5.108151 0.013356
v -34.093330 7.769557 -0.136333
v -29.206142 4.355469 3.391535
v -29.315758 6.813810 -2.177761
v -31.714642 7.254763 -1.845686
v -27.371145 6.555174 -0.690452
v -27.020452 6.630329 1.744955
v -28.468527 6.995304 3.701830
v -30.867685 7.436259 4.033803
v -32.812012 7.694911 2.546524
v -33.162994 7.619725 0.111122
v -22.891346 25.900576 -3.805886
v -23.549490 23.840151 -4.593409
v -22.371603 23.486536 -3.452845
v -21.850710 25.647268 -2.782565
v -25.208351 26.574972 -2.892124
v -25.901396 24.520023 -3.540792
v -22.937422 21.237505 -3.876376
v -24.327021 21.642788 -4.955186
v -26.650188 22.318834 -3.933800
v -34.276318 -7.380557 3.222462
v -34.340397 -6.670798 3.115990
v -32.050716 -6.611632 6.028924
v -32.040855 -7.325635 6.085378
v -33.554329 -7.732430 -0.538377
v -33.517902 -7.023180 -0.623411
v -33.990902 -6.971371 -0.251744
v -33.963097 -7.686603 -0.215866
v -32.420563 -6.566124 2.513115
v -32.496262 -6.808604 -0.724464
v -32.700729 -8.101083 -0.568556
v -32.466316 -7.870375 2.694112
v -33.268810 -6.751482 -0.845643
v -33.333744 -8.056175 -0.686043
v -32.726143 -9.444798 -0.407404
v -32.752018 -10.809107 -0.243800
v -32.391869 -11.723908 3.441522
v -32.418129 -10.365173 3.177985
v -31.820341 -10.770749 6.226468
v -33.708302 -11.273765 3.841992
v -33.833092 -10.540384 3.603873
v -31.875584 -10.054189 6.215105
v -33.658352 -10.366761 0.007733
v -33.763920 -9.638114 -0.110962
v -33.422337 -10.386741 -0.216336
v -33.468815 -9.652020 -0.306011
v -33.169144 -10.699059 -0.366663
v -33.251793 -9.369758 -0.527273
v -34.273083 -7.680212 3.241022
v -32.046200 -7.625351 6.097837
v -31.894432 -9.755137 6.192428
v -33.873863 -10.239611 3.624314
v -33.961216 -7.985261 -0.185814
v -33.793907 -9.334360 -0.095819
v -33.665733 -11.574645 3.824224
v -31.800585 -11.069740 6.250857
v -33.628479 -10.670377 -0.006754
v -27.659681 3.026172 3.131795
v -26.929062 1.773734 2.744608
v -27.300098 -2.479969 1.675393
v -26.388584 -1.370732 3.481776
v -28.507277 3.175134 4.080096
v -28.840292 1.583796 4.371677
v -29.091040 3.174954 3.365716
v -26.776907 -9.253048 5.505401
v -27.292393 -9.361337 4.063635
v -27.987944 -9.376112 4.249337
v -27.651857 -9.240836 5.900313
v -29.708347 0.105560 1.176870
v -27.425009 -1.173399 4.598060
v -27.930073 1.716107 4.012772
v -26.896074 -8.871090 4.226060
v -26.575056 -8.898241 5.048280
v -28.225954 -8.888105 4.572137
v -27.952631 -9.025033 5.594581
v -26.715122 -2.484576 4.128082
v -26.784426 -3.605130 4.456915
v -27.231339 -3.667656 4.953998
v -27.299442 -2.360539 4.765024
v -26.595921 -3.881516 4.306453
v -26.490078 -2.237415 3.827689
v -27.255131 -3.163596 2.535754
v -27.222063 -3.369895 2.656880
v -27.880299 -3.169662 2.571162
v -27.886400 -3.384156 2.697955
v -28.049360 -3.624161 5.467177
v -28.166077 -2.377517 5.531219
v -28.630510 -3.475926 3.194702
v -28.510235 -3.650803 3.256645
v -28.806772 -3.494633 3.586921
v -28.687700 -3.666601 3.663517
v -28.799238 -2.850955 5.076534
v -28.527025 -4.080994 5.078024
v -27.318947 -2.063097 4.723075
v -28.375635 -3.537843 5.173471
v -28.495810 -2.909748 5.293850
v -31.188065 -6.630692 6.111840
v -31.294121 -7.337102 6.129387
v -31.329693 -10.045632 6.275275
v -31.331152 -10.761201 6.334118
v -31.038002 -7.640405 6.165440
v -31.034458 -9.740601 6.307574
v -31.033861 -11.055945 6.396997
v -31.031870 -12.785149 6.480355
v -29.178984 -1.065365 5.437716
v -28.510380 -2.153926 5.415715
v -30.290581 -6.404543 5.727161
v -30.423471 -6.390040 4.843371
v -30.754732 -7.777855 5.177455
v -30.624771 -7.696941 5.750272
v -30.802858 -9.831969 5.341538
v -30.742302 -9.774965 5.951396
v -30.812897 -11.170396 5.619258
v -30.811594 -11.088824 6.078599
v -30.937056 -12.799541 6.236121
v -30.841282 -6.338967 6.123384
v -28.084253 -3.000507 2.542665
v -28.953615 -2.916070 2.718841
v -26.985640 -5.906957 3.322773
v -26.956472 -6.398876 3.462868
v -26.541689 -6.979181 4.686543
v -26.550873 -5.430765 4.463062
v -26.807735 -6.559367 4.969148
v -26.983768 -6.659121 5.223160
v -27.111374 -5.489583 5.145843
v -26.813293 -5.711420 4.846397
v -27.616962 -5.919183 3.299932
v -27.569019 -6.399680 3.410182
v -28.284618 -5.954805 3.668731
v -28.240353 -6.436141 3.752498
v -28.488199 -5.922210 4.056035
v -28.445621 -6.404555 4.139952
v -28.428665 -5.418951 5.247032
v -28.257225 -6.967185 5.413163
v -27.900143 -6.627264 5.667923
v -28.077969 -6.478917 5.627175
v -28.174820 -5.636433 5.542332
v -28.034412 -5.466292 5.583903
v -27.855566 -6.793196 5.634977
v -27.028465 -6.820629 5.244551
v -28.090181 -3.934993 5.414536
v -27.983637 -5.330420 5.510418
v -27.201841 -3.966423 4.977443
v -27.130533 -5.352877 5.097505
v -34.344059 -6.371168 3.097116
v -32.044151 -6.311937 6.016456
v -33.993069 -6.672723 -0.281764
v -33.785946 -3.433830 -0.549693
v -33.863430 -4.502517 -0.462156
v -33.313801 -4.569123 -0.866422
v -33.179340 -3.510117 -0.993704
v -34.224693 -3.124147 2.854350
v -34.255146 -4.196754 2.930681
v -31.846766 -3.070698 5.752898
v -31.892332 -4.142903 5.830602
v -30.433605 -3.284927 5.680410
v -30.732849 -4.334874 5.875196
v -32.808369 -3.155642 -1.278072
v -33.041424 -5.003184 -1.054245
v -32.000999 -4.725953 -0.904321
v -31.598190 -3.217415 -1.157482
v -32.230179 -3.902321 2.280470
v -31.813467 -2.760288 2.067817
v -29.828568 -4.627620 4.009442
v -29.222483 -3.671554 3.516599
v -29.911139 -4.794379 5.303333
v -29.324944 -3.208878 4.950592
v -30.445892 -4.787088 5.918790
v -29.924540 -2.958190 5.628147
v -34.201214 -2.726000 2.823756
v -33.761604 -3.035893 -0.582252
v -31.805679 -2.674131 5.715486
v -34.278835 -4.594916 2.961181
v -31.938293 -4.539162 5.868069
v -33.887161 -4.900526 -0.430081
v -20.953243 39.073376 6.119051
v -18.809671 37.974701 -4.687922
v -22.861137 41.694084 3.479192
v -23.222893 41.843555 0.482688
v -21.881178 41.345524 -2.667772
v -23.598158 39.032108 3.126816
v -23.641363 39.092873 0.496088
v -22.600582 38.811344 -2.559788
v -22.342447 36.807892 5.337591
v -19.095348 35.513725 -4.482468
v -24.239168 36.277538 2.623412
v -22.964737 36.264759 -2.837104
v -24.475323 36.152176 -0.113858
v -0.442395 0.380229 -10.714573
v -1.411180 11.580920 -8.813631
v -3.912238 69.318565 -0.814620
v -3.931709 67.606689 0.439118
v 4.365535 69.318565 -0.814618
v 4.385007 67.606689 0.439120
v 0.226648 69.309608 -0.814619
v 0.226648 67.610718 0.439119
v 0.226646 69.993332 13.830288
v 4.049283 48.955410 2.136137
v 0.226649 48.955410 2.136137
v -3.595986 48.955410 2.136137
v -3.458150 49.561611 -0.291305
v 0.226649 49.561615 -0.291305
v 3.911447 49.561615 -0.291305
vt 0.742266 0.196778
vt 0.960839 0.517052
vt 0.946910 0.518056
vt 0.944778 0.514102
vt 0.953161 0.614897
vt 0.954455 0.601205
vt 0.973442 0.603190
vt 0.969872 0.617913
vt 0.933589 0.598172
vt 0.934543 0.613119
vt 0.759059 0.217399
vt 0.983950 0.530304
vt 0.981752 0.531187
vt 0.847931 0.203768
vt 0.980862 0.604298
vt 0.990688 0.606710
vt 0.678807 0.367478
vt 0.850536 0.188719
vt 0.852445 0.190373
vt 0.914650 0.146080
vt 0.898575 0.146080
vt 0.978734 0.146080
vt 0.915549 0.620374
vt 0.861896 0.188475
vt 0.930759 0.146080
vt 0.946905 0.146080
vt 0.962899 0.146080
vt 0.819871 0.803976
vt 0.801377 0.796176
vt 0.804326 0.763165
vt 0.825924 0.764659
vt 0.813323 0.847875
vt 0.784721 0.850480
vt 0.827088 0.886582
vt 0.465877 0.961081
vt 0.951001 0.797401
vt 0.928486 0.798405
vt 0.927022 0.765389
vt 0.948732 0.764448
vt 0.676858 0.978907
vt 0.451524 0.539201
vt 0.664412 0.910336
vt 0.373093 0.985924
vt 0.709644 0.794788
vt 0.673195 0.794523
vt 0.671404 0.760789
vt 0.707950 0.760745
vt 0.576899 0.970383
vt 0.381900 0.425350
vt 0.520091 0.945048
vt 0.571581 0.910586
vt 0.562602 0.794877
vt 0.526089 0.796741
vt 0.526688 0.762997
vt 0.563296 0.761758
vt 0.435356 0.983388
vt 0.832058 0.914014
vt 0.834198 0.973732
vt 0.432011 0.569377
vt 0.918587 0.914285
vt 0.500359 0.619199
vt 0.363685 0.435840
vt 0.363953 0.454625
vt 0.938456 0.988468
vt 0.514961 0.628022
vt 0.980246 0.973477
vt 0.370503 0.426119
vt 0.502125 0.764136
vt 0.977491 0.794323
vt 0.734875 0.790564
vt 0.777516 0.760969
vt 0.710208 0.727504
vt 0.671145 0.726826
vt 0.664168 0.692236
vt 0.720946 0.685326
vt 0.562371 0.728196
vt 0.523280 0.730180
vt 0.510976 0.688634
vt 0.568053 0.693635
vt 0.488168 0.695954
vt 0.498673 0.734558
vt 0.947602 0.731396
vt 0.950126 0.690223
vt 0.926001 0.732170
vt 0.926561 0.691016
vt 0.827606 0.729646
vt 0.806227 0.730124
vt 0.804294 0.688978
vt 0.827812 0.690140
vt 0.778434 0.728781
vt 0.744007 0.691780
vt 0.505929 0.671883
vt 0.555533 0.670425
vt 0.986342 0.674103
vt 0.956458 0.672825
vt 0.928228 0.667521
vt 0.375428 0.434952
vt 0.380826 0.445501
vt 0.374944 0.450967
vt 0.372252 0.438381
vt 0.776443 0.290228
vt 0.747608 0.284172
vt 0.516366 0.358230
vt 0.542659 0.355257
vt 0.712660 0.274396
vt 0.699589 0.365185
vt 0.928234 0.268169
vt 0.673098 0.358132
vt 0.897224 0.269015
vt 0.650189 0.353802
vt 0.863295 0.273888
vt 0.616303 0.349550
vt 0.846418 0.213025
vt 0.850849 0.276835
vt 0.836804 0.280285
vt 0.596001 0.348729
vt 0.803694 0.287608
vt 0.564050 0.351428
vt 0.516303 0.351223
vt 0.541517 0.347697
vt 0.703472 0.357930
vt 0.675002 0.350828
vt 0.652143 0.347069
vt 0.615731 0.342700
vt 0.606084 0.342979
vt 0.596566 0.341889
vt 0.562347 0.344543
vt 0.516744 0.263607
vt 0.539412 0.258138
vt 0.692269 0.268096
vt 0.671778 0.264618
vt 0.646243 0.260895
vt 0.614840 0.258658
vt 0.600769 0.257862
vt 0.567421 0.255609
vt 0.748112 0.068659
vt 0.737889 0.090713
vt 0.721942 0.058085
vt 0.748068 0.058085
vt 0.623238 0.058085
vt 0.517002 0.198035
vt 0.792091 0.090925
vt 0.770299 0.067683
vt 0.777843 0.058085
vt 0.813714 0.058085
vt 0.573018 0.875900
vt 0.595312 0.610297
vt 0.614345 0.559230
vt 0.571020 0.858192
vt 0.341520 0.966362
vt 0.663612 0.875397
vt 0.665942 0.857807
vt 0.720584 0.852020
vt 0.640158 0.534911
vt 0.456177 0.539215
vt 0.807297 0.995562
vt 0.404585 0.994089
vt 0.420051 0.990924
vt 0.437710 0.568993
vt 0.498351 0.876350
vt 0.434669 0.560371
vt 0.426189 0.551120
vt 0.433714 0.548865
vt 0.439111 0.559413
vt 0.917026 0.887318
vt 0.963781 0.913202
vt 0.486246 0.907496
vt 0.326944 0.913849
vt 0.557142 0.604751
vt 0.573834 0.583828
vt 0.533967 0.593945
vt 0.521367 0.594115
vt 0.504959 0.573524
vt 0.510147 0.598736
vt 0.260312 0.551730
vt 0.265982 0.559864
vt 0.623507 0.199600
vt 0.545895 0.631991
vt 0.547649 0.597573
vt 0.552404 0.985501
vt 0.396503 0.440629
vt 0.388664 0.443065
vt 0.379556 0.434175
vt 0.383684 0.433398
vt 0.441974 0.556165
vt 0.439909 0.543219
vt 0.446105 0.537572
vt 0.444837 0.552916
vt 0.388890 0.992220
vt 0.446818 0.563748
vt 0.634473 0.524322
vt 0.469506 0.527157
vt 0.608772 0.545891
vt 0.483148 0.509787
vt 0.461540 0.491907
vt 0.632278 0.492052
vt 0.493359 0.473177
vt 0.506511 0.525007
vt 0.510187 0.476859
vt 0.542462 0.535485
vt 0.524339 0.534930
vt 0.530495 0.480597
vt 0.547814 0.489593
vt 0.605017 0.527174
vt 0.604714 0.503040
vt 0.580335 0.534266
vt 0.587968 0.504202
vt 0.559913 0.539372
vt 0.565252 0.498003
vt 0.633768 0.478572
vt 0.495135 0.465360
vt 0.511875 0.469160
vt 0.531474 0.473951
vt 0.548876 0.476814
vt 0.606421 0.481546
vt 0.566357 0.478353
vt 0.496895 0.457667
vt 0.473801 0.443303
vt 0.621270 0.381199
vt 0.518845 0.371797
vt 0.513416 0.462028
vt 0.533168 0.373763
vt 0.550105 0.462875
vt 0.532598 0.466176
vt 0.547705 0.375224
vt 0.562203 0.376857
vt 0.607240 0.460680
vt 0.606285 0.382689
vt 0.589870 0.454004
vt 0.591436 0.381723
vt 0.567938 0.458663
vt 0.576697 0.379297
vt 0.369075 0.441811
vt 0.369062 0.456432
vt 0.418664 0.553375
vt 0.430228 0.561329
vt 0.888437 0.633699
vt 0.896786 0.631052
vt 0.895027 0.657975
vt 0.877440 0.658447
vt 0.877623 0.634009
vt 0.391506 0.506261
vt 0.875491 0.970774
vt 0.380408 0.500035
vt 0.386520 0.496516
vt 0.875452 0.910496
vt 0.892978 0.910328
vt 0.875400 0.884977
vt 0.891455 0.885395
vt 0.875400 0.859547
vt 0.888965 0.859575
vt 0.876119 0.792652
vt 0.890709 0.792837
vt 0.890379 0.739264
vt 0.876774 0.739185
vt 0.877176 0.692038
vt 0.890930 0.691958
vt 0.423824 0.475033
vt 0.428810 0.484778
vt 0.422658 0.488321
vt 0.417672 0.478575
vt 0.618053 0.908437
vt 0.596295 0.908984
vt 0.618270 0.874701
vt 0.597151 0.875031
vt 0.606858 0.793484
vt 0.617914 0.793851
vt 0.618337 0.857249
vt 0.596232 0.857773
vt 0.617393 0.760575
vt 0.606646 0.760710
vt 0.615479 0.659992
vt 0.616798 0.727304
vt 0.606291 0.727666
vt 0.611690 0.660042
vt 0.614883 0.637989
vt 0.611564 0.638057
vt 0.407270 0.497183
vt 0.399388 0.501722
vt 0.394402 0.491977
vt 0.402284 0.487438
vt 0.414964 0.492752
vt 0.409978 0.483006
vt 0.412256 0.506928
vt 0.404374 0.511467
vt 0.639782 0.908825
vt 0.433796 0.494523
vt 0.628969 0.793408
vt 0.628139 0.760530
vt 0.893225 0.765769
vt 0.857956 0.910375
vt 0.390381 0.519526
vt 0.861810 0.859351
vt 0.859349 0.885277
vt 0.859731 0.765528
vt 0.861530 0.792686
vt 0.627313 0.727401
vt 0.861131 0.732587
vt 0.863403 0.691734
vt 0.584750 0.659610
vt 0.640491 0.857566
vt 0.639418 0.874806
vt 0.419950 0.502497
vt 0.427644 0.498066
vt 0.396492 0.516006
vt 0.946905 0.154015
vt 0.962899 0.154015
vt 0.962899 0.171014
vt 0.946905 0.171014
vt 0.978734 0.154015
vt 0.978734 0.171014
vt 0.996225 0.154015
vt 0.864117 0.171014
vt 0.882854 0.154015
vt 0.882854 0.171014
vt 0.898575 0.154015
vt 0.898575 0.171014
vt 0.914650 0.154015
vt 0.914650 0.171014
vt 0.930759 0.154015
vt 0.930759 0.171014
vt 0.925178 0.623141
vt 0.591485 0.379161
vt 0.577009 0.376495
vt 0.606216 0.379961
vt 0.505929 0.364793
vt 0.519633 0.368817
vt 0.533895 0.370696
vt 0.548263 0.372044
vt 0.562646 0.373841
vt 0.248339 0.434153
vt 0.667550 0.034049
vt 0.968042 0.034048
vt 0.689182 0.545817
vt 0.938267 0.034049
vt 0.893809 0.034048
vt 0.698927 0.530296
vt 0.968042 0.058353
vt 0.938267 0.058352
vt 0.720200 0.583499
vt 0.748067 0.034048
vt 0.746184 0.534215
vt 0.777843 0.034049
vt 0.276928 0.558069
vt 0.280078 0.549647
vt 0.906733 0.034048
vt 0.623238 0.034049
vt 0.646179 0.658530
vt 0.619269 0.659923
vt 0.586437 0.638088
vt 0.264370 0.435564
vt 0.276638 0.457438
vt 0.261732 0.456676
vt 0.279335 0.481355
vt 0.265173 0.484692
vt 0.265867 0.523153
vt 0.279037 0.517304
vt 0.275591 0.548661
vt 0.264653 0.550784
vt 0.257034 0.458699
vt 0.260516 0.485097
vt 0.261036 0.523021
vt 0.280789 0.456596
vt 0.283747 0.517373
vt 0.283836 0.481021
vt 0.200918 0.055090
vt 0.200981 0.049994
vt 0.197422 0.046345
vt 0.192326 0.046282
vt 0.188677 0.049841
vt 0.188614 0.054938
vt 0.192173 0.058586
vt 0.197270 0.058649
vt 0.159282 0.047845
vt 0.159281 0.056218
vt 0.165204 0.041925
vt 0.173577 0.041927
vt 0.179497 0.047848
vt 0.179495 0.056222
vt 0.173574 0.062141
vt 0.165201 0.062140
vt 0.163143 0.049444
vt 0.163142 0.054619
vt 0.166803 0.045786
vt 0.171977 0.045787
vt 0.175636 0.049447
vt 0.175635 0.054622
vt 0.171975 0.058280
vt 0.166800 0.058279
vt 0.194798 0.052466
vt 0.169389 0.052033
vt 0.305290 0.417966
vt 0.303949 0.385066
vt 0.363539 0.260545
vt 0.384397 0.246964
vt 0.274359 0.369794
vt 0.341171 0.249001
vt 0.246110 0.387423
vt 0.339662 0.223875
vt 0.247451 0.420323
vt 0.360520 0.210294
vt 0.277041 0.435594
vt 0.382888 0.221838
vt 0.275700 0.402694
vt 0.362029 0.235419
vt 0.875019 0.093187
vt 0.916579 0.093183
vt 0.904691 0.093185
vt 0.886907 0.093187
vt 0.841777 0.835578
vt 0.823723 0.835252
vt 0.934363 0.096074
vt 0.916580 0.096075
vt 0.894446 0.104220
vt 0.936006 0.104230
vt 0.924118 0.104227
vt 0.906334 0.104223
vt 0.849045 0.901681
vt 0.832759 0.904049
vt 0.831344 0.892288
vt 0.847698 0.890673
vt 0.876655 0.751820
vt 0.886295 0.755891
vt 0.866900 0.755757
vt 0.862749 0.765366
vt 0.866450 0.775221
vt 0.876297 0.779393
vt 0.886258 0.775376
vt 0.890227 0.765565
vt 0.914646 0.091612
vt 0.873085 0.091606
vt 0.884973 0.091608
vt 0.902757 0.091610
vt 0.849571 0.749727
vt 0.831854 0.747518
vt 0.855301 0.088712
vt 0.873086 0.088714
vt 0.915367 0.835388
vt 0.924826 0.840667
vt 0.905126 0.838069
vt 0.900382 0.847175
vt 0.903711 0.857081
vt 0.922923 0.859833
vt 0.936009 0.346520
vt 0.944468 0.390888
vt 0.914297 0.409606
vt 0.905156 0.349388
vt 0.873073 0.426010
vt 0.865082 0.349625
vt 0.699579 0.388084
vt 0.713181 0.347728
vt 0.850472 0.427001
vt 0.846769 0.351528
vt 0.862961 0.307629
vt 0.848685 0.302572
vt 0.901330 0.305201
vt 0.928998 0.303989
vt 0.714301 0.300719
vt 0.902937 0.331032
vt 0.902142 0.322333
vt 0.932554 0.320257
vt 0.933713 0.328711
vt 0.863619 0.331187
vt 0.863111 0.321430
vt 0.715968 0.321022
vt 0.715658 0.330341
vt 0.846655 0.333274
vt 0.846956 0.323596
vt 0.589250 0.490497
vt 0.589464 0.478399
vt 0.598976 0.480269
vt 0.597694 0.493133
vt 0.573614 0.490914
vt 0.573975 0.478594
vt 0.599700 0.467624
vt 0.589481 0.466551
vt 0.574641 0.466318
vt 0.960209 0.553298
vt 0.960062 0.557266
vt 0.938875 0.553043
vt 0.939436 0.548920
vt 0.983437 0.554327
vt 0.983327 0.558592
vt 0.979801 0.558499
vt 0.980387 0.554389
vt 0.785021 0.195908
vt 0.788345 0.214544
vt 0.780613 0.215384
vt 0.777522 0.196517
vt 0.985015 0.560444
vt 0.985236 0.552482
vt 0.988622 0.543358
vt 0.764758 0.216936
vt 0.754868 0.197028
vt 0.762878 0.196841
vt 0.943564 0.529251
vt 0.960480 0.531432
vt 0.961061 0.535683
vt 0.942481 0.533267
vt 0.981474 0.538698
vt 0.981676 0.543022
vt 0.983422 0.538313
vt 0.983702 0.542783
vt 0.985044 0.536071
vt 0.985542 0.544402
vt 0.960444 0.551664
vt 0.939755 0.547218
vt 0.942098 0.534947
vt 0.960685 0.537326
vt 0.980513 0.552658
vt 0.981437 0.544791
vt 0.960829 0.529775
vt 0.943985 0.527585
vt 0.981655 0.536944
vt 0.912322 0.615275
vt 0.664067 0.367017
vt 0.672724 0.390431
vt 0.661486 0.385573
vt 0.918844 0.612747
vt 0.648768 0.366793
vt 0.921186 0.617431
vt 0.649630 0.431236
vt 0.659548 0.432540
vt 0.663423 0.434040
vt 0.644135 0.430476
vt 0.826934 0.189992
vt 0.653239 0.384233
vt 0.654534 0.366932
vt 0.657684 0.429275
vt 0.652578 0.429243
vt 0.666791 0.432615
vt 0.642005 0.428737
vt 0.658157 0.392068
vt 0.656499 0.398558
vt 0.652432 0.398734
vt 0.653218 0.391207
vt 0.657961 0.400219
vt 0.660291 0.390702
vt 0.669755 0.396005
vt 0.669101 0.397367
vt 0.673598 0.397397
vt 0.673109 0.398801
vt 0.646782 0.397873
vt 0.646808 0.390969
vt 0.677618 0.401790
vt 0.676730 0.402697
vt 0.803919 0.173527
vt 0.634641 0.397084
vt 0.642431 0.392729
vt 0.642846 0.400015
vt 0.653245 0.389432
vt 0.644276 0.397103
vt 0.644401 0.393410
vt 0.934003 0.552024
vt 0.935188 0.547883
vt 0.939528 0.532196
vt 0.940949 0.528183
vt 0.933980 0.545700
vt 0.937327 0.533287
vt 0.939991 0.525851
vt 0.944642 0.517709
vt 0.919841 0.585393
vt 0.645281 0.389042
vt 0.928119 0.552493
vt 0.923338 0.550923
vt 0.774996 0.179137
vt 0.930684 0.544571
vt 0.763085 0.180827
vt 0.934884 0.532215
vt 0.755135 0.181054
vt 0.938084 0.524637
vt 0.944218 0.516672
vt 0.931811 0.553443
vt 0.675304 0.396914
vt 0.809906 0.177072
vt 0.663612 0.412171
vt 0.662624 0.415010
vt 0.655004 0.418160
vt 0.656649 0.409181
vt 0.652954 0.415610
vt 0.651143 0.416086
vt 0.651507 0.409243
vt 0.653852 0.410670
vt 0.667107 0.413199
vt 0.666039 0.415952
vt 0.671064 0.415199
vt 0.669968 0.417846
vt 0.635662 0.409732
vt 0.672276 0.418933
vt 0.642824 0.407790
vt 0.642595 0.416750
vt 0.645436 0.415262
vt 0.644575 0.414262
vt 0.644726 0.409432
vt 0.645686 0.408670
vt 0.645486 0.416255
vt 0.650771 0.416996
vt 0.646356 0.399660
vt 0.645991 0.407820
vt 0.652349 0.400446
vt 0.651632 0.408410
vt 0.959831 0.558908
vt 0.938577 0.554758
vt 0.979636 0.560223
vt 0.977448 0.578921
vt 0.978270 0.572786
vt 0.982260 0.573158
vt 0.981838 0.579446
vt 0.957374 0.576774
vt 0.958165 0.570843
vt 0.935461 0.573458
vt 0.936283 0.567287
vt 0.927125 0.571681
vt 0.929574 0.565391
vt 0.984001 0.582089
vt 0.984744 0.571018
vt 0.990568 0.573464
vt 0.810695 0.211315
vt 0.799879 0.194164
vt 0.806528 0.193214
vt 0.795645 0.177564
vt 0.803069 0.176046
vt 0.923525 0.561751
vt 0.918407 0.571099
vt 0.928205 0.562440
vt 0.923852 0.573493
vt 0.957081 0.578981
vt 0.977111 0.581192
vt 0.935130 0.575740
vt 0.958481 0.568643
vt 0.936707 0.565015
vt 0.978585 0.570506
vt 0.501309 0.554545
vt 0.582197 0.569459
vt 0.521028 0.567727
vt 0.536467 0.567365
vt 0.555324 0.572444
vt 0.522835 0.551465
vt 0.536719 0.553854
vt 0.555250 0.555866
vt 0.504631 0.540198
vt 0.581772 0.551671
vt 0.523337 0.543594
vt 0.557738 0.548117
vt 0.539413 0.544977
vt 0.916437 0.421126
vt 0.948879 0.409799
vt 0.968497 0.462047
vt 0.923876 0.482213
vt 0.879577 0.494377
vt 0.873393 0.432077
vt 0.856514 0.496341
vt 0.850518 0.434122
vt 0.821592 0.433839
vt 0.825646 0.495099
vt 0.797674 0.488349
vt 0.794889 0.433373
vt 0.773975 0.477622
vt 0.772803 0.430104
vt 0.753777 0.461690
vt 0.689223 0.411069
vt 0.745071 0.426792
vt 0.742890 0.452826
vt 0.678964 0.433275
vt 0.877810 0.610276
vt 0.878647 0.582337
vt 0.884672 0.581653
vt 0.882948 0.609913
vt 0.748433 0.475686
vt 0.883353 0.521291
vt 0.990609 0.467018
vt 0.747740 0.400245
vt 0.769673 0.409785
vt 0.780085 0.412186
vt 0.790033 0.414792
vt 0.800805 0.417839
vt 0.823389 0.422917
vt 0.905042 0.638004
vt 0.881454 0.509684
vt 0.930343 0.503364
vt 0.856758 0.513191
vt 0.797597 0.509251
vt 0.826182 0.513920
vt 0.614560 0.623953
vt 0.613632 0.583606
vt 0.747750 0.354882
vt 0.802243 0.370166
vt 0.825539 0.354981
vt 0.793137 0.368554
vt 0.769976 0.369929
vt 0.824721 0.339763
vt 0.805579 0.356563
vt 0.799691 0.347978
vt 0.827905 0.326452
vt 0.795327 0.351259
vt 0.793697 0.343832
vt 0.768725 0.356173
vt 0.751011 0.342276
vt 0.751342 0.328934
vt 0.775472 0.347166
vt 0.795231 0.332323
vt 0.780464 0.368513
vt 0.780418 0.351140
vt 0.781621 0.343614
vt 0.777856 0.332469
vt 0.776280 0.318120
vt 0.796092 0.317897
vt 0.833894 0.304053
vt 0.747397 0.307128
vt 0.068449 0.936575
vt 0.872699 0.609700
vt 0.076751 0.679534
vt 0.617185 0.623687
vt 0.024489 0.690444
vt 0.859845 0.657707
vt 0.866825 0.633596
vt 0.675804 0.668581
vt 0.725350 0.668372
vt 0.747624 0.676643
vt 0.798215 0.671502
vt 0.826510 0.666663
vt 0.230787 0.888890
vt 0.549058 0.196718
vt 0.575355 0.199680
vt 0.239068 0.917156
vt 0.603349 0.204148
vt 0.239333 0.710868
vt 0.418594 0.199599
vt 0.241138 0.735937
vt 0.441505 0.195273
vt 0.242659 0.766912
vt 0.475394 0.191024
vt 0.240391 0.801099
vt 0.302374 0.813233
vt 0.495702 0.190206
vt 0.236041 0.827986
vt 0.238406 0.813727
vt 0.527661 0.192898
vt 0.231288 0.861538
vt 0.550197 0.189158
vt 0.575416 0.192673
vt 0.608611 0.197639
vt 0.416690 0.192296
vt 0.439552 0.188539
vt 0.475968 0.184174
vt 0.485617 0.184455
vt 0.495137 0.183366
vt 0.529363 0.186012
vt 0.552279 0.099593
vt 0.574948 0.105053
vt 0.595160 0.109143
vt 0.419921 0.106091
vt 0.445454 0.102369
vt 0.476856 0.100131
vt 0.490926 0.099333
vt 0.524271 0.097073
vt 0.680205 0.070356
vt 0.871868 0.026404
vt 0.897994 0.026404
vt 0.692217 0.091489
vt 0.574663 0.039482
vt 0.996703 0.026404
vt 0.638219 0.096185
vt 0.627721 0.095715
vt 0.842092 0.026404
vt 0.658012 0.071220
vt 0.713197 0.026678
vt 0.293841 0.437012
vt 0.288593 0.445425
vt 0.858499 0.630900
vt 0.568000 0.069471
vt 0.690993 0.586341
vt 0.688630 0.595729
vt 0.651886 0.002370
vt 0.681662 0.002370
vt 0.683319 0.613269
vt 0.726121 0.002370
vt 0.651886 0.026678
vt 0.681662 0.026678
vt 0.897994 0.002370
vt 0.871868 0.002370
vt 0.842092 0.002370
vt 0.806220 0.002370
vt 0.308440 0.446496
vt 0.304864 0.438245
vt 0.713197 0.002370
vt 0.996703 0.002370
vt 0.646871 0.634506
vt 0.298590 0.561232
vt 0.294875 0.540283
vt 0.309722 0.538759
vt 0.296876 0.512127
vt 0.311191 0.514736
vt 0.295602 0.473680
vt 0.292977 0.446148
vt 0.304009 0.447709
vt 0.309054 0.478849
vt 0.290079 0.538504
vt 0.290784 0.474060
vt 0.292205 0.511962
vt 0.313910 0.539387
vt 0.313755 0.478539
vt 0.315703 0.514839
vt 0.162460 0.734211
vt 0.161930 0.765189
vt 0.101214 0.760668
vt 0.117611 0.729170
vt 0.164727 0.805157
vt 0.087976 0.803041
vt 0.139327 0.973036
vt 0.178430 0.956360
vt 0.164223 0.823557
vt 0.088689 0.825677
vt 0.206771 0.804031
vt 0.212905 0.817867
vt 0.206269 0.765603
vt 0.205375 0.737932
vt 0.225174 0.951629
vt 0.180396 0.765990
vt 0.180379 0.735133
vt 0.188892 0.735639
vt 0.189127 0.766113
vt 0.192995 0.804946
vt 0.183227 0.805192
vt 0.195553 0.952554
vt 0.204813 0.951529
vt 0.192068 0.821212
vt 0.182439 0.822259
vt 0.089570 0.759398
vt 0.028118 0.756525
vt 0.044877 0.710488
vt 0.098435 0.726202
vt 0.081906 0.803179
vt 0.019374 0.801654
vt 0.081591 0.826172
vt 0.019162 0.824812
vt 0.084040 0.855038
vt 0.022707 0.855530
vt 0.086502 0.881667
vt 0.031465 0.883017
vt 0.091491 0.903393
vt 0.043764 0.906073
vt 0.061539 0.924892
vt 0.117297 0.985191
vt 0.081440 0.690474
vt 0.071305 0.935047
vt 0.097062 0.930765
vt 0.864598 0.601622
vt 0.123318 0.926017
vt 0.112044 0.904914
vt 0.105446 0.885025
vt 0.108826 0.894731
vt 0.094796 0.852396
vt 0.101575 0.874528
vt 0.020319 0.910861
vt 0.006517 0.751725
vt 0.003978 0.800933
vt 0.002341 0.825804
vt 0.003894 0.856316
vt 0.010602 0.884402
vt 0.168553 0.922471
vt 0.162401 0.844982
vt 0.149042 0.869376
vt 0.151356 0.878322
vt 0.151795 0.901501
vt 0.177646 0.844618
vt 0.190679 0.840416
vt 0.171378 0.870193
vt 0.162358 0.864994
vt 0.175979 0.875844
vt 0.168443 0.874796
vt 0.165616 0.901678
vt 0.174071 0.894257
vt 0.194145 0.916887
vt 0.180867 0.918247
vt 0.187342 0.873424
vt 0.152385 0.890943
vt 0.169721 0.889639
vt 0.177135 0.887857
vt 0.188546 0.890745
vt 0.201665 0.871451
vt 0.202982 0.891207
vt 0.212560 0.832718
vt 0.216197 0.919136
vt 0.743759 0.176443
vt 0.798209 0.517804
vt 0.796788 0.522066
vt 0.782894 0.523471
vt 0.807302 0.618535
vt 0.791360 0.624385
vt 0.785306 0.610497
vt 0.803666 0.605271
vt 0.823699 0.598690
vt 0.825334 0.613577
vt 0.761997 0.538796
vt 0.764720 0.540994
vt 0.762404 0.540501
vt 0.776154 0.630826
vt 0.653953 0.193077
vt 0.778189 0.612867
vt 0.635191 0.176959
vt 0.687908 0.482599
vt 0.633419 0.178759
vt 0.961041 0.111879
vt 0.944857 0.111879
vt 0.880072 0.111879
vt 0.995673 0.111879
vt 0.845294 0.617450
vt 0.928656 0.111879
vt 0.912284 0.111879
vt 0.896116 0.111879
vt 0.365192 0.941836
vt 0.380026 0.964115
vt 0.404043 0.955340
vt 0.416581 0.956592
vt 0.427363 0.962159
vt 0.434697 0.937486
vt 0.390099 0.957779
vt 0.474003 0.894338
vt 0.489802 0.868187
vt 0.333643 0.901038
vt 0.461904 0.875859
vt 0.454876 0.838507
vt 0.481155 0.837929
vt 0.313568 0.868007
vt 0.437319 0.889016
vt 0.437793 0.840730
vt 0.400602 0.896367
vt 0.399211 0.850184
vt 0.417240 0.842710
vt 0.418705 0.897370
vt 0.341367 0.858694
vt 0.338992 0.882713
vt 0.357951 0.861290
vt 0.362974 0.891899
vt 0.381116 0.857065
vt 0.382881 0.898740
vt 0.453778 0.830566
vt 0.479668 0.825075
vt 0.436774 0.832914
vt 0.399251 0.837361
vt 0.416836 0.836004
vt 0.341513 0.837133
vt 0.381703 0.837393
vt 0.452686 0.822751
vt 0.438193 0.735312
vt 0.452531 0.732127
vt 0.314963 0.816458
vt 0.435851 0.825676
vt 0.423754 0.736040
vt 0.399225 0.823368
vt 0.394561 0.736629
vt 0.409145 0.736248
vt 0.416384 0.828161
vt 0.350139 0.738653
vt 0.342489 0.816274
vt 0.365016 0.738966
vt 0.360368 0.811113
vt 0.379911 0.737815
vt 0.381819 0.817640
vt 0.912284 0.119348
vt 0.912284 0.136312
vt 0.896116 0.136312
vt 0.896116 0.119348
vt 0.880072 0.136312
vt 0.880073 0.119348
vt 0.862872 0.136312
vt 0.995673 0.119348
vt 0.976839 0.136312
vt 0.976839 0.119348
vt 0.961041 0.136312
vt 0.961041 0.119348
vt 0.944857 0.136312
vt 0.944857 0.119348
vt 0.928656 0.136312
vt 0.928656 0.119348
vt 0.836287 0.621835
vt 0.379840 0.734997
vt 0.365188 0.736409
vt 0.350443 0.735941
vt 0.336117 0.733166
vt 0.437664 0.732275
vt 0.423294 0.732923
vt 0.408863 0.733031
vt 0.394378 0.733586
vt 0.357851 0.847525
vt 0.349212 0.849427
vt 0.349040 0.836500
vt 0.358677 0.835454
vt 0.373393 0.849284
vt 0.374092 0.836979
vt 0.359678 0.823649
vt 0.349405 0.823839
vt 0.374482 0.824691
vt 0.789747 0.559070
vt 0.809457 0.551183
vt 0.810720 0.555147
vt 0.790574 0.562953
vt 0.767042 0.564082
vt 0.770057 0.563618
vt 0.771342 0.567566
vt 0.767885 0.568266
vt 0.701069 0.178952
vt 0.708593 0.178967
vt 0.707001 0.198019
vt 0.762044 0.571075
vt 0.764953 0.562575
vt 0.766541 0.570381
vt 0.760046 0.554169
vt 0.723217 0.178134
vt 0.731216 0.177688
vt 0.722930 0.198315
vt 0.802008 0.532518
vt 0.803766 0.536288
vt 0.785877 0.541864
vt 0.785718 0.537576
vt 0.766831 0.552641
vt 0.766286 0.548346
vt 0.764794 0.552754
vt 0.764300 0.548302
vt 0.762316 0.546372
vt 0.763260 0.554666
vt 0.789234 0.557500
vt 0.786530 0.543417
vt 0.804432 0.537877
vt 0.808849 0.549561
vt 0.769635 0.561934
vt 0.767370 0.554342
vt 0.785090 0.536004
vt 0.801307 0.530950
vt 0.765806 0.546649
vt 0.847595 0.611871
vt 0.853943 0.605771
vt 0.707637 0.495814
vt 0.712865 0.484744
vt 0.840734 0.610506
vt 0.839208 0.601178
vt 0.839234 0.615523
vt 0.751927 0.511199
vt 0.755551 0.506998
vt 0.743423 0.522414
vt 0.745342 0.518729
vt 0.658819 0.176364
vt 0.844995 0.602682
vt 0.718172 0.478291
vt 0.744584 0.515046
vt 0.748398 0.511649
vt 0.756002 0.504286
vt 0.759254 0.499057
vt 0.719654 0.487422
vt 0.722794 0.483513
vt 0.728356 0.488645
vt 0.725186 0.491199
vt 0.725185 0.493412
vt 0.714937 0.498629
vt 0.713547 0.498038
vt 0.717150 0.487806
vt 0.712875 0.502353
vt 0.711581 0.501622
vt 0.727450 0.479101
vt 0.732029 0.484268
vt 0.712730 0.507670
vt 0.677925 0.158467
vt 0.712218 0.510224
vt 0.841513 0.564429
vt 0.731898 0.477531
vt 0.736399 0.483276
vt 0.721601 0.482199
vt 0.730869 0.479344
vt 0.733402 0.482033
vt 0.813463 0.549431
vt 0.815343 0.553305
vt 0.806491 0.534725
vt 0.804401 0.531017
vt 0.808846 0.535422
vt 0.814278 0.547072
vt 0.798963 0.521334
vt 0.804944 0.528555
vt 0.835039 0.583734
vt 0.727323 0.476645
vt 0.821220 0.552755
vt 0.817331 0.545393
vt 0.709739 0.161442
vt 0.701127 0.161010
vt 0.811069 0.533946
vt 0.721746 0.162186
vt 0.729689 0.161785
vt 0.806615 0.527031
vt 0.799203 0.520240
vt 0.817746 0.554326
vt 0.709981 0.502386
vt 0.674774 0.162140
vt 0.728836 0.506119
vt 0.732090 0.499275
vt 0.739256 0.504930
vt 0.731454 0.507598
vt 0.739110 0.501661
vt 0.735173 0.498545
vt 0.735991 0.495925
vt 0.740785 0.500822
vt 0.726891 0.509199
vt 0.729512 0.510561
vt 0.725241 0.513314
vt 0.727813 0.514577
vt 0.748212 0.485826
vt 0.726798 0.516917
vt 0.741552 0.489099
vt 0.747641 0.495676
vt 0.744525 0.496434
vt 0.739984 0.491650
vt 0.741207 0.491588
vt 0.744511 0.495115
vt 0.745144 0.497213
vt 0.741665 0.501260
vt 0.739194 0.491213
vt 0.733529 0.485327
vt 0.729549 0.489876
vt 0.735347 0.495382
vt 0.791085 0.564531
vt 0.811308 0.556785
vt 0.771803 0.569236
vt 0.777178 0.587280
vt 0.772945 0.588554
vt 0.771446 0.582431
vt 0.775312 0.581378
vt 0.794782 0.576002
vt 0.796582 0.581707
vt 0.815724 0.568732
vt 0.817596 0.574669
vt 0.822006 0.565709
vt 0.825502 0.571483
vt 0.771269 0.591530
vt 0.764491 0.593786
vt 0.686456 0.196973
vt 0.768630 0.580752
vt 0.679417 0.177965
vt 0.686120 0.178387
vt 0.681509 0.160578
vt 0.834256 0.558576
vt 0.833989 0.569409
vt 0.827337 0.561083
vt 0.822846 0.562567
vt 0.829037 0.572705
vt 0.777901 0.589459
vt 0.797251 0.583832
vt 0.818315 0.576859
vt 0.814915 0.566567
vt 0.794091 0.573889
vt 0.774608 0.579186
vt 0.439965 0.918891
vt 0.358095 0.926801
vt 0.403835 0.928643
vt 0.419186 0.930331
vt 0.384611 0.932083
vt 0.404745 0.915160
vt 0.418783 0.913973
vt 0.386110 0.915573
vt 0.437888 0.904312
vt 0.360046 0.909116
vt 0.418959 0.906088
vt 0.384296 0.907639
vt 0.402824 0.906085
vt 0.172524 0.025410
vt 0.180023 0.025410
vt 0.180023 0.003713
vt 0.172524 0.003713
vt 0.188185 0.025410
vt 0.188185 0.003713
vt 0.165616 0.025410
vt 0.165616 0.003713
vt 0.197305 0.025410
vt 0.197305 0.003713
vt 0.208534 0.025410
vt 0.208534 0.003713
vt 0.219239 0.025410
vt 0.219239 0.003713
vt 0.347858 0.025410
vt 0.356022 0.025410
vt 0.356022 0.003713
vt 0.347858 0.003713
vt 0.363523 0.025410
vt 0.363523 0.003713
vt 0.338736 0.025410
vt 0.338736 0.003713
vt 0.370434 0.025410
vt 0.370434 0.003713
vt 0.327504 0.025410
vt 0.327504 0.003713
vt 0.316799 0.025410
vt 0.316799 0.003713
vt 0.231835 0.070714
vt 0.289718 0.293691
vt 0.220093 0.095075
vt 0.235849 0.073567
vt 0.207592 0.117038
vt 0.213329 0.116941
vt 0.248786 0.050342
vt 0.251062 0.054996
vt 0.287352 0.291160
vt 0.293792 0.266835
vt 0.208024 0.132032
vt 0.213932 0.131496
vt 0.257534 0.335727
vt 0.272810 0.315089
vt 0.293258 0.250482
vt 0.217223 0.149098
vt 0.222504 0.147303
vt 0.284818 0.233368
vt 0.228180 0.161352
vt 0.232434 0.158006
vt 0.242690 0.174756
vt 0.246282 0.170612
vt 0.255758 0.186148
vt 0.259536 0.181918
vt 0.270769 0.203588
vt 0.273205 0.198453
vt 0.287899 0.214734
vt 0.287796 0.208661
vt 0.274396 0.195188
vt 0.261282 0.178707
vt 0.385121 0.094070
vt 0.368135 0.070787
vt 0.364121 0.073640
vt 0.379877 0.095148
vt 0.351183 0.050415
vt 0.348908 0.055069
vt 0.392378 0.117111
vt 0.386641 0.117014
vt 0.128016 0.315090
vt 0.143295 0.335726
vt 0.107036 0.266834
vt 0.113473 0.291161
vt 0.391946 0.132105
vt 0.386038 0.131569
vt 0.107573 0.250482
vt 0.382746 0.149171
vt 0.377465 0.147376
vt 0.116008 0.233367
vt 0.371789 0.161425
vt 0.367536 0.158079
vt 0.357280 0.174829
vt 0.353688 0.170684
vt 0.340433 0.181991
vt 0.344211 0.186221
vt 0.329201 0.203660
vt 0.326764 0.198526
vt 0.338687 0.178779
vt 0.325573 0.195260
vt 0.312071 0.214807
vt 0.312173 0.208734
vt 0.342324 0.099156
vt 0.345697 0.107799
vt 0.341486 0.108913
vt 0.338523 0.101284
vt 0.346893 0.116729
vt 0.342534 0.116820
vt 0.336936 0.091572
vt 0.334030 0.094783
vt 0.345933 0.126015
vt 0.341654 0.125123
vt 0.342673 0.136349
vt 0.338822 0.134394
vt 0.337574 0.143925
vt 0.334515 0.140874
vt 0.320219 0.155446
vt 0.318548 0.151385
vt 0.253362 0.118056
vt 0.254316 0.109077
vt 0.258552 0.110044
vt 0.257707 0.117984
vt 0.257481 0.100327
vt 0.261316 0.102332
vt 0.254592 0.127327
vt 0.258857 0.126277
vt 0.262670 0.092581
vt 0.265659 0.095674
vt 0.258195 0.137604
vt 0.261993 0.135481
vt 0.263564 0.145013
vt 0.266501 0.141802
vt 0.281243 0.155874
vt 0.282774 0.151772
vt 0.281344 0.234933
vt 0.289526 0.250527
vt 0.145788 0.111897
vt 0.143715 0.095141
vt 0.290072 0.266903
vt 0.142512 0.113210
vt 0.141129 0.102003
vt 0.270811 0.224497
vt 0.137338 0.080247
vt 0.273374 0.221718
vt 0.164249 0.140156
vt 0.143640 0.128498
vt 0.141143 0.124076
vt 0.137039 0.089664
vt 0.254578 0.212894
vt 0.256727 0.209661
vt 0.274980 0.219058
vt 0.286481 0.230342
vt 0.270811 0.311548
vt 0.137209 0.142878
vt 0.137157 0.134248
vt 0.127455 0.069763
vt 0.130101 0.080360
vt 0.241945 0.201615
vt 0.243618 0.198104
vt 0.257317 0.206265
vt 0.127504 0.153581
vt 0.130122 0.143580
vt 0.109238 0.067971
vt 0.119045 0.065895
vt 0.273636 0.319434
vt 0.254961 0.333146
vt 0.229311 0.187824
vt 0.230509 0.184035
vt 0.243407 0.194001
vt 0.110008 0.160728
vt 0.109549 0.154601
vt 0.110375 0.062555
vt 0.229091 0.346182
vt 0.230125 0.350030
vt 0.214751 0.177908
vt 0.214751 0.173894
vt 0.229497 0.179073
vt 0.085820 0.163305
vt 0.085857 0.160496
vt 0.098294 0.061142
vt 0.257427 0.341332
vt 0.229089 0.355209
vt 0.200414 0.356496
vt 0.200414 0.360510
vt 0.200414 0.174031
vt 0.200414 0.170016
vt 0.212775 0.168312
vt 0.061745 0.160167
vt 0.062224 0.153986
vt 0.086065 0.063511
vt 0.086037 0.061069
vt 0.200414 0.366329
vt 0.171737 0.346182
vt 0.170703 0.350030
vt 0.186077 0.177908
vt 0.186077 0.173894
vt 0.200414 0.164198
vt 0.044452 0.153139
vt 0.041934 0.143254
vt 0.073789 0.061327
vt 0.062907 0.068338
vt 0.171739 0.355209
vt 0.145867 0.333146
vt 0.171516 0.187824
vt 0.170318 0.184035
vt 0.188052 0.168312
vt 0.034897 0.142604
vt 0.035047 0.134096
vt 0.061743 0.062869
vt 0.143403 0.341331
vt 0.130017 0.311548
vt 0.158883 0.201615
vt 0.157209 0.198104
vt 0.171331 0.179073
vt 0.028309 0.128329
vt 0.030704 0.123838
vt 0.053098 0.066138
vt 0.116836 0.289285
vt 0.146250 0.212894
vt 0.144100 0.209661
vt 0.157421 0.194001
vt 0.025768 0.111646
vt 0.029013 0.112958
vt 0.044679 0.069861
vt 0.041997 0.080313
vt 0.127191 0.319435
vt 0.111106 0.293692
vt 0.110756 0.266903
vt 0.130017 0.224497
vt 0.127454 0.221718
vt 0.143511 0.206265
vt 0.028198 0.094843
vt 0.030629 0.101784
vt 0.034789 0.080116
vt 0.035008 0.089412
vt 0.111302 0.250527
vt 0.010659 0.081148
vt 0.125848 0.219058
vt 0.114344 0.230341
vt 0.145532 0.221991
vt 0.163274 0.208972
vt 0.165060 0.248862
vt 0.159149 0.253246
vt 0.222920 0.096864
vt 0.170183 0.247443
vt 0.165174 0.266760
vt 0.159263 0.266760
vt 0.134824 0.243241
vt 0.155015 0.259471
vt 0.274642 0.044643
vt 0.199946 0.193150
vt 0.200007 0.246754
vt 0.170183 0.266798
vt 0.165174 0.248825
vt 0.159263 0.253209
vt 0.155129 0.266760
vt 0.126352 0.266798
vt 0.153503 0.266798
vt 0.299985 0.035262
vt 0.274575 0.039044
vt 0.213398 0.193598
vt 0.213212 0.246005
vt 0.200007 0.266798
vt 0.170297 0.247405
vt 0.163388 0.208934
vt 0.145647 0.221954
vt 0.155129 0.259434
vt 0.134938 0.243204
vt 0.325327 0.044715
vt 0.299985 0.029378
vt 0.226207 0.200320
vt 0.232368 0.244886
vt 0.213326 0.266760
vt 0.200121 0.246717
vt 0.181675 0.198107
vt 0.325395 0.039117
vt 0.234779 0.208972
vt 0.246179 0.244886
vt 0.232482 0.266760
vt 0.213326 0.245967
vt 0.200060 0.193113
vt 0.248472 0.167903
vt 0.252782 0.244886
vt 0.246293 0.266760
vt 0.232482 0.244848
vt 0.213512 0.193561
vt 0.258184 0.244886
vt 0.252896 0.266760
vt 0.246293 0.244848
vt 0.374429 0.146071
vt 0.258299 0.266760
vt 0.252896 0.244848
vt 0.234893 0.208934
vt 0.258299 0.244848
vt 0.244424 0.222269
vt 0.255665 0.232646
vt 0.299985 0.212590
vt 0.281927 0.266761
vt 0.278627 0.255020
vt 0.278742 0.254984
vt 0.270853 0.266761
vt 0.270739 0.253810
vt 0.299985 0.218284
vt 0.270854 0.253773
vt 0.103365 0.145185
vt 0.103905 0.078857
vt 0.119752 0.087900
vt 0.119699 0.134817
vt 0.085225 0.148513
vt 0.085225 0.074970
vt 0.124331 0.094655
vt 0.124260 0.128213
vt 0.067085 0.145185
vt 0.066545 0.078857
vt 0.127253 0.102432
vt 0.127235 0.118844
vt 0.050750 0.134817
vt 0.050699 0.087900
vt 0.128224 0.110463
vt 0.046189 0.128213
vt 0.046118 0.094655
vt 0.043215 0.118844
vt 0.043196 0.102432
vt 0.042226 0.110463
vt 0.300192 0.072568
vt 0.321656 0.076835
vt 0.319823 0.081782
vt 0.300192 0.077899
vt 0.340578 0.087653
vt 0.277610 0.077348
vt 0.279557 0.082250
vt 0.346919 0.096675
vt 0.258934 0.088753
vt 0.350765 0.106496
vt 0.252818 0.097974
vt 0.352127 0.116672
vt 0.249215 0.107912
vt 0.351038 0.127079
vt 0.248131 0.118150
vt 0.347397 0.138645
vt 0.249521 0.128560
vt 0.341346 0.147671
vt 0.253561 0.140082
vt 0.322205 0.160377
vt 0.259947 0.148904
vt 0.300192 0.164564
vt 0.300192 0.159268
vt 0.279399 0.160857
vt 0.139998 0.193611
vt 0.114353 0.208924
vt 0.085379 0.216781
vt 0.157188 0.170561
vt 0.056631 0.208413
vt 0.031480 0.192945
vt 0.014674 0.170088
vt 0.032792 0.053886
vt 0.045381 0.039769
vt 0.058006 0.021634
vt 0.018104 0.067823
vt 0.072159 0.010226
vt 0.085672 0.006539
vt 0.099241 0.010055
vt 0.113592 0.021307
vt 0.126535 0.039429
vt 0.139358 0.053764
vt 0.154087 0.068074
vt 0.255551 0.232683
vt 0.269712 0.243060
vt 0.269827 0.243023
vt 0.128862 0.025410
vt 0.145331 0.025410
vt 0.145331 0.003713
vt 0.128862 0.003713
vt 0.390725 0.025410
vt 0.390725 0.003713
vt 0.243863 0.025410
vt 0.243863 0.003713
vt 0.268017 0.025410
vt 0.268018 0.003713
vt 0.292173 0.025410
vt 0.292173 0.003713
vt 0.318301 0.085910
vt 0.300192 0.082279
vt 0.281188 0.086334
vt 0.300192 0.154880
vt 0.026659 0.640945
vt 0.075171 0.619516
vt 0.112779 0.521968
vt 0.107780 0.467206
vt 0.089656 0.628751
vt 0.110395 0.543431
vt 0.085981 0.508125
vt 0.087929 0.472576
vt 0.073831 0.615039
vt 0.015265 0.634447
vt 0.241099 0.397681
vt 0.114349 0.669707
vt 0.086162 0.515104
vt 0.083618 0.570275
vt 0.106370 0.589074
vt 0.118312 0.590288
vt 0.059528 0.623314
vt 0.059987 0.585442
vt 0.122006 0.550709
vt 0.214645 0.460534
vt 0.212168 0.402607
vt 0.211608 0.484536
vt 0.166557 0.566347
vt 0.167060 0.511708
vt 0.215678 0.532894
vt 0.219449 0.561186
vt 0.146417 0.569943
vt 0.152621 0.521015
vt 0.228911 0.526310
vt 0.234904 0.550991
vt 0.035052 0.475725
vt 0.041204 0.510791
vt 0.135516 0.399925
vt 0.128133 0.562094
vt 0.041853 0.517742
vt 0.238085 0.505281
vt 0.137628 0.462451
vt 0.135708 0.481423
vt 0.164630 0.403617
vt 0.164616 0.461597
vt 0.159387 0.501168
vt 0.168670 0.485448
vt 0.119187 0.365607
vt 0.095915 0.364587
vt 0.124388 0.335942
vt 0.021153 0.548745
vt 0.052988 0.569366
vt 0.023685 0.568819
vt 0.064097 0.517932
vt 0.067329 0.572211
vt 0.063610 0.509744
vt 0.081231 0.567684
vt 0.061127 0.468045
vt 0.110262 0.563663
vt 0.039045 0.456638
vt 0.060166 0.451912
vt 0.014703 0.472748
vt 0.021281 0.454406
vt 0.081699 0.454098
vt 0.099072 0.449775
vt 0.190120 0.484107
vt 0.190615 0.507379
vt 0.221550 0.499847
vt 0.086676 0.439849
vt 0.030041 0.439042
vt 0.023774 0.418588
vt 0.069053 0.421965
vt 0.012829 0.437305
vt 0.011440 0.418045
vt 0.023988 0.412719
vt 0.072059 0.411821
vt 0.087456 0.413819
vt 0.011585 0.412419
vt 0.024118 0.387408
vt 0.066734 0.386822
vt 0.096156 0.408315
vt 0.103015 0.433554
vt 0.089060 0.386577
vt 0.011679 0.387581
vt 0.023333 0.362118
vt 0.071508 0.361689
vt 0.102040 0.386577
vt 0.086971 0.359314
vt 0.010937 0.362763
vt 0.022958 0.356263
vt 0.068187 0.351634
vt 0.114985 0.386215
vt 0.117299 0.406889
vt 0.085174 0.333212
vt 0.010640 0.357149
vt 0.028651 0.335662
vt 0.011492 0.337870
vt 0.143439 0.378471
vt 0.172840 0.369718
vt 0.187780 0.374019
vt 0.188423 0.404270
vt 0.202524 0.369087
vt 0.189631 0.461074
vt 0.232271 0.376584
vt 0.090325 0.323253
vt 0.047445 0.319417
vt 0.065978 0.304695
vt 0.092545 0.304688
vt 0.047473 0.299207
vt 0.065854 0.299239
vt 0.092600 0.299238
vt 0.009770 0.302186
vt 0.047511 0.275241
vt 0.066027 0.275266
vt 0.092575 0.275301
vt 0.009809 0.275191
vt 0.047537 0.251276
vt 0.065918 0.251293
vt 0.092663 0.251364
vt 0.009842 0.248196
vt 0.047562 0.231066
vt 0.066056 0.245837
vt 0.092623 0.245914
vt 0.090452 0.227343
vt 0.099826 0.338306
vt 0.021366 0.622403
vt 0.007938 0.612774
vt 0.003224 0.567196
vt 0.023481 0.585287
vt 0.040643 0.614637
vt 0.041500 0.587883
vt 0.126620 0.434313
vt 0.230288 0.608337
vt 0.300466 0.594816
vt 0.293277 0.647884
vt 0.240750 0.675752
vt 0.301032 0.573078
vt 0.226675 0.586441
vt 0.332871 0.606891
vt 0.181175 0.611366
vt 0.303302 0.658360
vt 0.202738 0.614261
vt 0.212322 0.675218
vt 0.185490 0.581695
vt 0.185492 0.589568
vt 0.326276 0.650746
vt 0.296200 0.687469
vt 0.245364 0.701748
vt 0.388860 0.644119
vt 0.441343 0.671963
vt 0.385938 0.661740
vt 0.394702 0.595140
vt 0.451795 0.604605
vt 0.436732 0.697938
vt 0.385938 0.683671
vt 0.355912 0.650823
vt 0.198671 0.611366
vt 0.349206 0.606787
vt 0.353331 0.572741
vt 0.455405 0.582727
vt 0.479322 0.610525
vt 0.469746 0.671430
vt 0.194353 0.589569
vt 0.194355 0.581699
vt 0.128874 0.636758
vt 0.319172 0.680812
vt 0.341105 0.680371
vt 0.148405 0.641171
vt 0.167936 0.588128
vt 0.167936 0.636758
vt 0.149230 0.668365
vt 0.128874 0.668365
vt 0.378910 0.658321
vt 0.167936 0.668365
vt 0.339370 0.499284
vt 0.339391 0.549011
vt 0.326514 0.566736
vt 0.320472 0.499058
vt 0.356733 0.499423
vt 0.350366 0.566851
vt 0.320671 0.466279
vt 0.339680 0.466460
vt 0.357149 0.466623
vt 0.179061 0.575104
vt 0.200745 0.575073
vt 0.321178 0.411122
vt 0.340198 0.411301
vt 0.357677 0.411465
vt 0.329234 0.572771
vt 0.515792 0.959248
vt 0.562175 0.627075
vt 0.719653 0.959297
vt 0.715406 0.945052
vt 0.974531 0.960652
vt 0.530098 0.632505
vt 0.776684 0.960754
vt 0.726426 0.971628
vt 0.787202 0.913211
vt 0.755338 0.834604
vt 0.491460 0.837451
vt 0.970140 0.859157
vt 0.471867 0.594352
vt 0.971103 0.946242
vt 0.527302 0.911608
vt 0.513731 0.862075
vt 0.780119 0.946365
vt 0.708385 0.911367
vt 0.618200 0.637906
vt 0.024859 0.719469
vt 0.878394 0.521114
vt 0.038433 0.688761
vt 0.049157 0.930781
vt 0.850080 0.637614
vt 0.679708 0.651674
vt 0.824711 0.649518
vt 0.797170 0.656594
vt 0.750946 0.663684
vt 0.727595 0.656354
vt 0.872686 0.581222
vt 0.681105 0.444329
vt 0.741605 0.455804
vt 0.611925 0.623808
vt 0.890823 0.603564
vt 0.770355 0.501270
vt 0.551024 0.653663
vt 0.964392 0.484632
vt 0.503221 0.659967
vt 0.987944 0.660938
vt 0.957717 0.657924
vt 0.930269 0.650384
vt 0.989872 0.481062
vt 0.928656 0.141900
vt 0.912284 0.141900
vt 0.944857 0.141900
vt 0.961041 0.141900
vt 0.976839 0.141900
vt 0.862872 0.141900
vt 0.880073 0.141900
vt 0.896116 0.141900
vt 0.976839 0.111879
vt 0.824104 0.621772
vt 0.623848 0.177613
vt 0.778649 0.638734
vt 0.790181 0.634977
vt 0.629294 0.185775
vt 0.801158 0.630682
vt 0.812499 0.626287
vt 0.303301 0.803834
vt 0.485667 0.191346
vt 0.295740 0.878719
vt 0.296288 0.858370
vt 0.301448 0.822522
vt 0.304818 0.766544
vt 0.304621 0.745286
vt 0.312207 0.930485
vt 0.302248 0.903874
vt 0.924117 0.107119
vt 0.906333 0.107115
vt 0.936005 0.107122
vt 0.894445 0.107112
vt 0.833409 0.735911
vt 0.850935 0.737834
vt 0.902758 0.088718
vt 0.884973 0.088716
vt 0.824639 0.823294
vt 0.886907 0.096079
vt 0.904691 0.096077
vt 0.842921 0.823800
vt 0.927795 0.850985
vt 0.912849 0.862419
vt 0.930759 0.176258
vt 0.946905 0.176258
vt 0.962899 0.176258
vt 0.978734 0.176258
vt 0.864117 0.176258
vt 0.898575 0.176258
vt 0.914650 0.176258
vt 0.882854 0.176258
vt 0.606033 0.349871
vt 0.837220 0.214662
vt 0.781574 0.224687
vt 0.801841 0.222566
vt 0.855725 0.211380
vt 0.892811 0.207013
vt 0.914031 0.205583
vt 0.940477 0.203117
vt 0.755975 0.220151
vt 0.857111 0.197042
vt 0.854994 0.208152
vt 0.882854 0.146080
vt 0.996225 0.146080
vt 0.972859 0.628143
vt 0.937168 0.620980
vt 0.961306 0.625803
vt 0.949377 0.623428
vt 0.768318 0.672328
vt 0.766905 0.659147
vt 0.772180 0.687655
vt 0.732544 0.760968
vt 0.734953 0.730952
vt 0.975717 0.762705
vt 0.500576 0.793282
vt 0.483977 0.680996
vt 0.480154 0.668185
vt 0.775618 0.792809
vt 0.743147 0.834862
vt 0.996204 0.837854
vt 0.975415 0.730522
vt 0.982259 0.689388
vt 0.385394 0.509781
vt 0.883049 0.970768
vt 0.617784 0.968306
vt 0.625261 0.968268
vt 0.376201 0.425734
vt 0.558548 0.978984
vt 0.682962 0.985442
vt 0.450226 0.558887
vt 0.367094 0.430979
vt 0.546307 0.992072
vt 0.943896 0.995569
vt 0.812723 0.988451
vt 0.689025 0.992037
vt 0.443409 0.568608
vt 0.610306 0.968290
vt 0.398168 0.434921
vt 0.867934 0.970738
vt 0.417309 0.558905
vt 0.658583 0.970268
vt 0.916906 0.973831
vt 0.770976 0.973579
vt 0.508965 0.971541
vt 0.932925 0.981451
vt 0.818234 0.981417
vt 0.880821 0.521171
vt 0.611107 0.583327
vt 0.616032 0.583214
vt 0.104446 0.694771
vt 0.127484 0.702272
vt 0.084819 0.996023
vt 0.096328 0.997275
vt 0.192844 0.707153
vt 0.212534 0.709207
vt 0.184049 0.706417
vt 0.167708 0.705366
vt 0.251536 0.951236
vt 0.305057 0.718732
vt 0.996949 0.428088
vt 0.986001 0.424313
vt 0.979783 0.401466
vt 0.970545 0.379023
vt 0.964372 0.339103
vt 0.960657 0.314154
vt 0.962068 0.322874
vt 0.957092 0.294663
vt 0.953373 0.268056
vt 0.728667 0.212290
vt 0.656622 0.569926
vt 0.952389 0.002370
vt 0.631638 0.573192
vt 0.624155 0.597908
vt 0.641719 0.618263
vt 0.652617 0.621562
vt 0.717301 0.646342
vt 0.737418 0.594387
vt 0.754217 0.610304
vt 0.746735 0.635020
vt 0.743236 0.585722
vt 0.756966 0.563852
vt 0.813714 0.034049
vt 0.685025 0.501691
vt 0.721942 0.034049
vt 0.683652 0.553763
vt 0.675382 0.495637
vt 0.648497 0.495752
vt 0.634766 0.517622
vt 0.648705 0.538613
vt 0.720150 0.026678
vt 0.726121 0.020491
vt 0.806220 0.026404
vt 0.731846 0.026404
vt 0.952388 0.026404
vt 0.702803 0.091264
vt 0.434530 0.041619
vt 0.468177 0.041075
vt 0.403109 0.046152
vt 0.618767 0.057693
vt 0.686470 0.067766
vt 0.654692 0.069152
vt 0.893809 0.052169
vt 0.888085 0.058085
vt 0.899781 0.058352
vt 0.906733 0.058353
vt 0.717849 0.216079
vt 0.667550 0.058085
vt 0.802513 0.089587
vt 0.773437 0.065348
vt 0.741654 0.066596
vt 0.727321 0.091364
vt 0.657158 0.200142
vt 0.688583 0.204674
vt 0.681416 0.129480
vt 0.657153 0.129318
vt 0.629831 0.150945
vt 0.614707 0.177424
vt 0.562370 0.055074
vt 0.532500 0.056384
vt 0.552328 0.056716
vt 0.480497 0.046485
vt 0.503850 0.053810
vt 0.282652 0.563463
vt 0.474825 0.040621
vt 0.775964 0.125511
vt 0.804982 0.144802
vt 0.587832 0.212343
vt 0.559178 0.214923
vt 0.611186 0.205014
vt 0.822244 0.169938
vt 0.539348 0.215261
vt 0.751796 0.127680
vt 0.523678 0.228021
vt 0.740545 0.150230
vt 0.616858 0.199147
vt 0.399430 0.109567
vt 0.373845 0.057559
vt 0.388220 0.199393
vt 0.392101 0.206649
vt 0.496532 0.267704
vt 0.472904 0.216265
vt 0.483110 0.356203
vt 0.488375 0.362711
vt 0.714428 0.150568
vt 0.694495 0.151022
vt 0.720642 0.151426
vt 0.529301 0.213622
vt 0.309889 0.877342
vt 0.484968 0.859902
vt 0.314522 0.831821
vt 0.476928 0.810424
vt 0.314849 0.845379
vt 0.303316 0.887403
vt 0.456012 0.499745
vt 0.631610 0.514706
vt 0.469813 0.457664
vt 0.634648 0.463228
vt 0.467227 0.470343
vt 0.446793 0.507144
vt 0.335338 0.735881
vt 0.451663 0.729444
vt 0.504834 0.367392
vt 0.620727 0.378427
vt 0.995673 0.136312
vt 0.995673 0.141900
vt 0.862872 0.119348
vt 0.862872 0.111879
vt 0.996225 0.171014
vt 0.996225 0.176258
vt 0.864117 0.154015
vt 0.864117 0.146080
vt 0.825659 0.550386
vt 0.689030 0.161504
vt 0.740212 0.474433
vt 0.680463 0.158134
vt 0.839934 0.562409
vt 0.837941 0.576905
vt 0.836497 0.572273
vt 0.699227 0.197793
vt 0.763314 0.584165
vt 0.676692 0.196338
vt 0.768925 0.616936
vt 0.706957 0.506596
vt 0.687702 0.499007
vt 0.711464 0.507575
vt 0.808395 0.524829
vt 0.739895 0.162741
vt 0.813935 0.531831
vt 0.820068 0.543223
vt 0.725092 0.469553
vt 0.710009 0.462244
vt 0.705772 0.466156
vt 0.634506 0.161822
vt 0.698671 0.472517
vt 0.643171 0.173783
vt 0.626313 0.164866
vt 0.625023 0.170797
vt 0.728647 0.198326
vt 0.759846 0.545067
vt 0.714929 0.198176
vt 0.761155 0.562789
vt 0.638977 0.191755
vt 0.632282 0.196683
vt 0.847908 0.624747
vt 0.781061 0.519069
vt 0.783547 0.178026
vt 0.916278 0.560473
vt 0.679479 0.403254
vt 0.910138 0.567488
vt 0.911345 0.565226
vt 0.989565 0.560352
vt 0.801012 0.212718
vt 0.991067 0.583143
vt 0.833106 0.206268
vt 0.680355 0.398077
vt 0.689799 0.379661
vt 0.806475 0.173659
vt 0.931697 0.530624
vt 0.935951 0.522774
vt 0.745036 0.182813
vt 0.927614 0.542903
vt 0.642272 0.382243
vt 0.915805 0.579166
vt 0.918740 0.603297
vt 0.913299 0.605775
vt 0.916430 0.574353
vt 0.850024 0.173575
vt 0.905018 0.610360
vt 0.860186 0.181773
vt 0.914232 0.628012
vt 0.858431 0.175963
vt 0.842331 0.186184
vt 0.772722 0.216166
vt 0.987254 0.534361
vt 0.989014 0.552039
vt 0.984058 0.528554
vt 0.985961 0.621637
vt 0.984866 0.629856
vt 0.961889 0.512400
vt 0.740624 0.475656
vt 0.724275 0.515674
vt 0.762929 0.511503
vt 0.739953 0.523569
vt 0.749992 0.487955
vt 0.711033 0.509903
vt 0.758303 0.507406
vt 0.761410 0.514832
vt 0.754579 0.518537
vt 0.751201 0.514681
vt 0.758214 0.517516
vt 0.673348 0.416332
vt 0.635731 0.412506
vt 0.678802 0.404277
vt 0.641570 0.438732
vt 0.636110 0.426959
vt 0.634143 0.395894
vt 0.644910 0.440228
vt 0.642338 0.432600
vt 0.649083 0.440132
vt 0.652486 0.438497
vt 0.652475 0.433371
vt 0.873084 0.103495
vt 0.855300 0.103492
vt 0.936009 0.092342
vt 0.953793 0.092346
vt 0.916578 0.081295
vt 0.934362 0.081293
vt 0.953790 0.107127
vt 0.953790 0.104235
vt 0.875019 0.096079
vt 0.934363 0.093182
vt 0.914646 0.088721
vt 0.855301 0.091604
vt 0.885312 0.080225
vt 0.875397 0.080225
vt 0.875397 0.078818
vt 0.885312 0.078818
vt 0.875397 0.073913
vt 0.885312 0.073913
vt 0.893899 0.080225
vt 0.893899 0.078818
vt 0.893899 0.073913
vt 0.923105 0.080225
vt 0.913683 0.080225
vt 0.913683 0.078818
vt 0.923105 0.078818
vt 0.913683 0.073913
vt 0.923105 0.073913
vt 0.933287 0.080225
vt 0.933287 0.078818
vt 0.933287 0.073913
vt 0.885727 0.086516
vt 0.878309 0.086515
vt 0.878309 0.082698
vt 0.885728 0.082698
vt 0.870891 0.086514
vt 0.870891 0.082697
vt 0.915400 0.086518
vt 0.907982 0.086518
vt 0.907983 0.082700
vt 0.915401 0.082701
vt 0.900564 0.086517
vt 0.900564 0.082700
vt 0.865796 0.080225
vt 0.855499 0.080225
vt 0.855499 0.078818
vt 0.865796 0.078818
vt 0.855499 0.073913
vt 0.865796 0.073913
vt 0.903836 0.080225
vt 0.903836 0.078818
vt 0.903836 0.073913
vt 0.893146 0.086516
vt 0.893146 0.082699
vt 0.863472 0.086514
vt 0.863473 0.082697
vt 0.856054 0.086513
vt 0.856054 0.082696
vt 0.954353 0.090730
vt 0.957192 0.083876
vt 0.964046 0.090730
vt 0.964046 0.081038
vt 0.957192 0.097584
vt 0.970900 0.083877
vt 0.964045 0.100423
vt 0.973738 0.090731
vt 0.970899 0.097584
vt 0.939160 0.069472
vt 0.937770 0.068083
vt 0.946011 0.064664
vt 0.946012 0.066629
vt 0.936325 0.076327
vt 0.934360 0.076327
vt 0.954256 0.068074
vt 0.952867 0.069464
vt 0.939167 0.083179
vt 0.937778 0.084569
vt 0.957674 0.076315
vt 0.955710 0.076316
vt 0.946022 0.086014
vt 0.946023 0.087979
vt 0.954264 0.084560
vt 0.952874 0.083171
vt 0.864366 0.072444
vt 0.854385 0.072444
vt 0.854385 0.069025
vt 0.864366 0.069025
vt 0.854385 0.064083
vt 0.864366 0.064083
vt 0.874943 0.072444
vt 0.874943 0.069025
vt 0.874943 0.064083
vt 0.905128 0.072444
vt 0.894813 0.072444
vt 0.894813 0.069025
vt 0.905128 0.069025
vt 0.894813 0.064083
vt 0.905128 0.064083
vt 0.914913 0.072444
vt 0.914913 0.069025
vt 0.914913 0.064083
vt 0.890678 0.102452
vt 0.883260 0.102453
vt 0.883259 0.098636
vt 0.890677 0.098635
vt 0.875841 0.102454
vt 0.875841 0.098637
vt 0.978987 0.083999
vt 0.975142 0.092050
vt 0.978116 0.100462
vt 0.920351 0.102449
vt 0.912932 0.102450
vt 0.912932 0.098633
vt 0.920351 0.098632
vt 0.905514 0.102451
vt 0.905514 0.098633
vt 0.925450 0.072444
vt 0.925450 0.069025
vt 0.925450 0.064083
vt 0.934656 0.072444
vt 0.934656 0.069025
vt 0.934656 0.064083
vt 0.884752 0.072444
vt 0.884752 0.069025
vt 0.884752 0.064083
vt 0.898096 0.102451
vt 0.898096 0.098634
vt 0.935187 0.102448
vt 0.927769 0.102449
vt 0.927769 0.098632
vt 0.935187 0.098631
vt 0.974797 0.063772
vt 0.981516 0.066917
vt 0.974361 0.073455
vt 0.984044 0.073891
vt 0.967822 0.066299
vt 0.980898 0.080610
vt 0.964678 0.073018
vt 0.973924 0.083138
vt 0.967205 0.079993
vt 0.993989 0.086184
vt 0.995450 0.084870
vt 0.998424 0.093282
vt 0.996462 0.093178
vt 0.987295 0.082987
vt 0.987399 0.081025
vt 0.994579 0.101333
vt 0.993265 0.099872
vt 0.980301 0.085460
vt 0.986167 0.104307
vt 0.986271 0.102345
vt 0.979577 0.099148
vt 0.977104 0.092154
vt 0.199321 0.063387
vt 0.205719 0.056989
vt 0.190274 0.063387
vt 0.190274 0.041545
vt 0.199321 0.041545
vt 0.205719 0.047942
vt 0.183877 0.047942
vt 0.183877 0.056989
vt 0.208556 0.035867
vt 0.200224 0.035867
vt 0.200224 0.032973
vt 0.208556 0.032973
vt 0.191892 0.035867
vt 0.191892 0.032973
vt 0.175227 0.035867
vt 0.166896 0.035867
vt 0.166896 0.032973
vt 0.175227 0.032973
vt 0.158564 0.035867
vt 0.158564 0.032973
vt 0.225219 0.035867
vt 0.216888 0.035867
vt 0.216888 0.032973
vt 0.225219 0.032973
vt 0.183560 0.035867
vt 0.183560 0.032973
vt 0.461768 0.433826
vt 0.409869 0.279452
vt 0.386294 0.270632
vt 0.433913 0.286901
vt 0.458083 0.292848
vt 0.482838 0.297405
vt 0.365239 0.410077
vt 0.334052 0.398409
vt 0.397046 0.419932
vt 0.429020 0.427798
vt 0.148405 0.580089
vt 0.363039 0.680807
vt 0.128874 0.588128
vt 0.383010 0.640329
vt 0.299249 0.640492
vt 0.296200 0.665521
vt 0.381525 0.594547
vt 0.287430 0.598864
vt 0.381124 0.569407
vt 0.334160 0.631408
vt 0.348106 0.631163
vt 0.007524 0.659139
vt 0.003842 0.613466
vt 0.016238 0.527716
vt 0.075947 0.674152
vt 0.096105 0.677647
vt 0.241645 0.460240
vt 0.123773 0.482697
vt 0.119880 0.443137
vt 0.118115 0.648937
vt 0.124263 0.541344
vt 0.023030 0.669256
vt 0.166261 0.115566
vt 0.165723 0.099587
vt 0.006062 0.099115
vt 0.005418 0.115341
vt 0.283992 0.289285
vt 0.119484 0.234933
vt 0.161411 0.081595
vt 0.007718 0.140012
vt 0.217319 0.131610
vt 0.216542 0.117177
vt 0.383428 0.117249
vt 0.382651 0.131683
vt 0.181561 0.198144
vt 0.226321 0.200282
vt 0.299985 0.209122
vt 0.312056 0.205253
vt 0.244310 0.222306
vt 0.287914 0.205180
vt 0.225541 0.145998
vt 0.234958 0.155946
vt 0.351497 0.167976
vt 0.365011 0.156018
vt 0.377049 0.096937
vt 0.362027 0.076187
vt 0.347281 0.058035
vt 0.324456 0.048144
vt 0.299985 0.038745
vt 0.275514 0.048072
vt 0.252689 0.057962
vt 0.237942 0.076114
vt 0.200414 0.366329
vt 0.200414 0.360510
vt 0.200414 0.356496
vt 0.296804 0.267794
vt 0.214849 0.093997
vt 0.295649 0.248429
vt 0.105183 0.248430
vt 0.104024 0.267792
vt 0.407201 0.025410
vt 0.407201 0.003713
vt 0.200121 0.266760
vt 0.170297 0.266760
vt 0.213212 0.266798
vt 0.155015 0.266798
vt 0.153617 0.266760
vt 0.159149 0.266798
vt 0.165060 0.266798
vt 0.232368 0.266798
vt 0.246179 0.266798
vt 0.252782 0.266798
vt 0.258185 0.266798
vt 0.270739 0.266798
vt 0.281812 0.266797
vt 0.126466 0.266760
vt 0.622760 0.026678
vt 0.622760 0.002370
vt 0.997167 0.058353
vt 0.997167 0.034049
vn -0.892603 0.429231 0.137914
vn -0.100894 0.966306 0.236796
vn -0.097701 0.989666 0.104960
vn -0.925359 0.378730 0.016590
vn -0.650516 0.620059 -0.438584
vn 0.030341 0.857226 -0.514045
vn -0.398736 0.100109 -0.911585
vn -0.846154 0.114429 -0.520509
vn 0.984456 -0.093658 0.148572
vn 0.896931 -0.404839 0.177821
vn 0.925358 0.378730 0.016590
vn 0.893613 0.426823 0.138844
vn -0.896931 -0.404839 0.177821
vn -0.985028 -0.097060 0.142474
vn -0.986812 -0.080473 0.140453
vn -0.697831 0.692844 -0.181658
vn 0.697831 0.692844 -0.181659
vn 0.986812 -0.080473 0.140453
vn 0.846154 0.114429 -0.520509
vn 0.650516 0.620059 -0.438584
vn 0.005794 0.995642 -0.093077
vn -0.404877 -0.026059 -0.914000
vn -0.852424 -0.106371 -0.511917
vn 0.891804 -0.257568 0.371946
vn 0.852424 -0.106372 -0.511917
vn -0.891804 -0.257567 0.371947
vn 0.000000 0.987769 0.155924
vn 0.000000 0.945347 0.326067
vn 0.000000 0.995404 -0.095767
vn 0.000000 0.801217 -0.598374
vn -0.000000 0.105509 -0.994418
vn -0.000000 -0.012860 -0.999917
vn -0.255607 -0.791301 0.555436
vn -0.359103 -0.487808 -0.795668
vn -0.000000 -0.447144 -0.894462
vn -0.000000 -0.774533 0.632533
vn 0.097701 0.989666 0.104959
vn 0.100894 0.966307 0.236796
vn -0.005794 0.995642 -0.093078
vn -0.030340 0.857226 -0.514045
vn 0.398736 0.100109 -0.911586
vn 0.404876 -0.026060 -0.914000
vn 0.359102 -0.487809 -0.795669
vn 0.255606 -0.791300 0.555436
vn 0.018330 -0.993795 -0.109710
vn 0.358539 -0.819563 0.446952
vn -0.102988 -0.922557 0.371862
vn 0.209371 -0.967463 0.142054
vn 0.001886 -0.337657 0.941267
vn -0.030178 -0.706783 0.706787
vn 0.001639 -0.365807 0.930689
vn 0.004901 -0.371464 0.928434
vn -0.000000 -0.364744 0.931108
vn -0.000000 -0.368504 0.929626
vn -0.000002 -0.999564 0.029516
vn -0.000002 -0.961826 0.273662
vn -0.001639 -0.365807 0.930689
vn -0.004901 -0.371465 0.928434
vn -0.006944 -0.993280 -0.115524
vn 0.102987 -0.922557 0.371864
vn -0.001886 -0.337658 0.941267
vn 0.030179 -0.706783 0.706786
vn -0.209371 -0.967463 0.142054
vn -0.358538 -0.819564 0.446951
vn -0.121795 -0.752770 -0.646918
vn 0.368226 -0.555960 -0.745197
vn -0.506651 0.222369 0.832980
vn -0.135836 0.525199 0.840068
vn -0.641718 0.127547 0.756260
vn 0.000000 -0.880762 -0.473560
vn -0.000000 0.759407 0.650616
vn 0.155918 -0.724611 -0.671289
vn 0.181760 0.528669 0.829140
vn -0.366791 -0.471220 -0.802132
vn 0.543914 0.222029 0.809234
vn 0.707485 0.103401 0.699124
vn -0.463186 0.148468 0.873737
vn -0.444460 0.150506 0.883065
vn 0.565452 0.172393 0.806563
vn 0.526925 0.177255 0.831222
vn -0.612053 -0.661996 -0.432612
vn 0.785071 -0.519952 0.336620
vn 0.559888 -0.257760 0.787455
vn -0.774964 -0.473420 -0.418694
vn 0.886779 0.294952 0.355847
vn 0.908470 0.190699 0.371910
vn 0.959537 0.131538 -0.248972
vn 0.869826 0.216031 -0.443547
vn 0.347309 0.252998 0.902978
vn 0.267879 0.394092 0.879166
vn -0.720771 -0.530001 -0.446752
vn 0.297410 -0.804711 -0.513797
vn 0.826683 -0.534377 -0.176175
vn -0.196269 -0.088638 -0.976536
vn 0.315563 0.057793 -0.947143
vn -0.678914 -0.317209 -0.662159
vn -0.574284 -0.156134 -0.803629
vn -0.639227 0.351649 -0.683909
vn -0.875958 0.207523 -0.435467
vn 0.858918 0.044413 0.510185
vn 0.287434 0.194180 0.937911
vn -0.627588 -0.438698 -0.643178
vn -0.653603 0.749052 -0.108278
vn -0.980370 -0.177405 -0.086035
vn 0.998299 -0.046851 -0.034692
vn 0.409859 -0.360948 -0.837695
vn -0.006929 -0.483650 -0.875234
vn -0.606994 -0.184469 0.773000
vn -0.783976 -0.244631 0.570558
vn -0.829145 -0.003668 0.559021
vn -0.667723 0.024954 0.743991
vn -0.530370 -0.223442 0.817791
vn -0.571260 -0.295823 0.765605
vn -0.496105 -0.112193 0.860984
vn -0.396287 0.080364 0.914603
vn 0.783707 -0.251680 0.567855
vn 0.629920 -0.077338 0.772800
vn 0.658602 0.011212 0.752408
vn 0.832942 0.002162 0.553356
vn -0.414079 0.670875 -0.615195
vn -0.359836 0.625582 -0.692218
vn -0.456946 0.392972 -0.797981
vn -0.441577 0.525673 -0.727103
vn -0.837521 -0.202681 -0.507424
vn -0.495986 -0.199616 -0.845075
vn -0.430004 0.022931 -0.902536
vn -0.903227 0.031027 -0.428040
vn 0.346831 0.643972 -0.681916
vn 0.391582 0.692042 -0.606416
vn 0.432613 0.542271 -0.720270
vn 0.446366 0.402996 -0.798970
vn 0.490984 -0.204061 -0.846932
vn 0.832628 -0.215407 -0.510226
vn 0.903232 0.031182 -0.428018
vn 0.430480 0.023283 -0.902300
vn -0.350929 0.563598 0.747801
vn -0.398534 0.459615 0.793678
vn -0.339596 0.623265 0.704425
vn -0.325640 0.684032 0.652732
vn 0.400111 0.435090 0.806603
vn 0.347976 0.576741 0.739109
vn 0.324281 0.706651 0.628878
vn 0.335847 0.638807 0.692194
vn 0.246583 0.919859 0.305050
vn 0.358718 0.875050 0.324974
vn 0.390316 0.918682 0.060634
vn 0.238596 0.964996 0.108875
vn 0.920850 0.019281 0.389440
vn 0.926781 -0.267067 0.264107
vn -0.930054 -0.253281 0.266174
vn -0.920860 0.019194 0.389420
vn -0.884113 0.220954 -0.411732
vn -0.516628 0.209294 -0.830236
vn -0.444843 0.335948 -0.830213
vn -0.858957 0.356276 -0.367778
vn 0.517051 0.208875 -0.830078
vn 0.884085 0.220773 -0.411889
vn 0.858866 0.356459 -0.367812
vn 0.445030 0.335842 -0.830156
vn 0.851049 0.259490 0.456487
vn 0.887190 0.127164 0.443535
vn 0.793201 0.059981 0.605999
vn 0.720357 0.127949 0.681700
vn 0.629886 -0.016135 0.776520
vn 0.590812 -0.006748 0.806781
vn -0.654653 -0.011691 0.755839
vn -0.784851 0.059265 0.616844
vn -0.713421 0.132817 0.688034
vn -0.594599 0.002159 0.804020
vn -0.887176 0.127167 0.443562
vn -0.850993 0.259459 0.456610
vn 0.874807 0.250549 -0.414654
vn 0.618051 0.161807 -0.769306
vn 0.844688 0.272542 0.460677
vn 0.636740 0.210145 0.741891
vn 0.526361 0.060642 0.848096
vn 0.503138 0.856762 0.113188
vn 0.049037 0.998738 0.010817
vn 0.075080 0.995781 0.052752
vn 0.556292 0.822565 0.118008
vn -0.518721 -0.392770 0.759382
vn -0.955196 -0.214914 0.203503
vn -0.947925 -0.258232 0.186422
vn -0.472705 -0.396087 0.787188
vn -0.968472 -0.056545 -0.242618
vn -0.957681 -0.134604 -0.254420
vn -0.508034 0.177178 -0.842917
vn -0.451731 0.098117 -0.886743
vn 0.448561 0.273784 -0.850785
vn 0.444656 0.179716 -0.877487
vn 0.845229 0.205410 -0.493351
vn 0.843882 0.110331 -0.525063
vn 0.978253 0.001894 0.207406
vn 0.968804 0.013103 0.247480
vn 0.832700 -0.090059 0.546351
vn 0.849879 -0.074753 0.521649
vn 0.544272 -0.240585 0.803671
vn 0.572874 -0.214635 0.791042
vn 0.003833 0.984292 0.176508
vn 0.003854 0.984106 0.177543
vn 0.003849 0.984150 0.177297
vn 0.003833 0.984292 0.176508
vn 0.004979 0.984045 0.177853
vn 0.005305 0.984071 0.177699
vn 0.005373 0.983763 0.179391
vn 0.005375 0.983764 0.179386
vn 0.001975 0.983691 0.179858
vn 0.002346 0.983625 0.180212
vn 0.001557 0.983882 0.178812
vn 0.001583 0.983881 0.178817
vn 0.004299 0.983787 0.179288
vn 0.004297 0.983787 0.179287
vn 0.003817 0.984196 0.177041
vn 0.003817 0.984193 0.177058
vn 0.003832 0.984292 0.176507
vn 0.003832 0.984292 0.176506
vn -0.476183 -0.424316 0.770199
vn -0.933629 -0.283251 0.219331
vn -0.982053 -0.092255 0.164499
vn -0.563298 -0.151441 0.812256
vn -0.948909 -0.178361 -0.260307
vn -0.974143 -0.023592 -0.224695
vn -0.512847 -0.071437 -0.855503
vn -0.485233 0.063573 -0.872071
vn 0.434105 0.032956 -0.900260
vn 0.497144 0.097539 -0.862168
vn 0.845549 0.025014 -0.533311
vn 0.866464 0.060097 -0.495610
vn 0.910810 -0.048515 0.409965
vn 0.997682 -0.065655 -0.017888
vn 0.808456 -0.208291 0.550467
vn 0.438802 -0.342725 0.830658
vn 0.591902 -0.053268 0.804248
vn -0.095117 0.933068 0.346896
vn -0.676449 0.722115 0.144797
vn -0.809682 0.586349 0.024708
vn -0.296475 0.932643 0.205622
vn -0.976597 0.172724 -0.128158
vn -0.962355 0.262673 0.069832
vn 0.570801 0.806855 0.152219
vn 0.166109 0.929880 0.328225
vn 0.367591 0.850609 0.375953
vn 0.670960 0.740738 0.033463
vn 0.573352 0.013334 -0.819201
vn 0.563375 0.100700 -0.820041
vn 0.654561 -0.237022 -0.717894
vn 0.528148 -0.251731 -0.810981
vn -0.564890 0.115240 -0.817080
vn -0.581264 0.015118 -0.813575
vn -0.535027 -0.251072 -0.806665
vn -0.670910 -0.233802 -0.703716
vn 0.856045 -0.498400 0.137054
vn 0.531969 -0.311996 0.787190
vn -0.288907 0.955173 0.064628
vn -0.434921 0.900331 0.015750
vn -0.393088 0.864020 0.314565
vn -0.285225 0.906751 0.310563
vn -0.883405 -0.451126 0.126807
vn -0.320701 0.943825 0.079658
vn -0.051686 0.998039 0.035304
vn -0.031176 0.999498 0.005566
vn -0.283057 0.957208 0.060263
vn 0.507914 -0.019504 0.861187
vn 0.377291 0.107450 0.919840
vn 0.365033 0.433171 -0.824084
vn 0.272139 0.135838 -0.952622
vn 0.704739 0.709015 -0.025332
vn 0.654224 0.685133 0.320288
vn 0.332796 0.129966 0.934000
vn 0.372779 0.513689 0.772761
vn 0.997054 0.064176 0.042013
vn 0.997374 0.066153 0.029481
vn 0.902056 0.114875 -0.416052
vn 0.403550 0.850478 -0.337394
vn 0.636664 0.618931 -0.459981
vn 0.303836 0.907149 -0.291142
vn 0.186041 0.965692 -0.181184
vn 0.056385 0.997477 -0.043138
vn 0.393668 0.919045 -0.019511
vn 0.472066 0.844872 -0.251683
vn -0.214916 0.976549 -0.012754
vn -0.036272 0.998982 -0.026826
vn -0.140963 0.980586 -0.136311
vn -0.272110 0.944830 -0.182355
vn -0.423085 0.829349 -0.364939
vn -0.333752 0.894385 -0.297802
vn -0.463278 -0.872996 0.152488
vn 0.063612 -0.373674 0.925376
vn -0.213372 -0.480393 -0.850703
vn -0.206693 -0.311846 0.927378
vn -0.870305 -0.463621 0.166209
vn -0.945868 -0.313639 0.083455
vn -0.361362 -0.216101 0.907038
vn 0.469965 -0.011736 0.882607
vn 0.414879 0.028880 0.909418
vn 0.936107 0.331760 -0.116789
vn 0.871897 0.235547 0.429318
vn 0.838353 0.235502 0.491633
vn 0.934439 0.330974 -0.131457
vn -0.614855 -0.283171 -0.736049
vn -0.755402 -0.186353 -0.628204
vn 0.152719 0.043528 -0.987311
vn 0.046669 0.042939 -0.997987
vn 0.706564 0.280082 -0.649862
vn 0.710083 0.259263 -0.654649
vn -0.960726 -0.268000 0.071980
vn -0.505813 -0.132792 0.852361
vn 0.312321 0.160521 0.936316
vn 0.785785 0.317803 0.530607
vn 0.912299 0.348302 -0.215397
vn -0.850955 -0.191568 -0.489057
vn 0.827649 0.318927 -0.461825
vn -0.473776 -0.170220 0.864038
vn -0.921228 -0.350797 0.168168
vn -0.771921 -0.275985 0.572687
vn -0.488241 -0.176640 0.854646
vn 0.291545 0.093663 0.951961
vn 0.284381 0.086208 0.954827
vn 0.966145 0.225640 -0.125101
vn 0.798011 0.225689 0.558787
vn 0.803738 0.213977 0.555175
vn 0.970892 0.198596 -0.133899
vn -0.773194 -0.367050 -0.517151
vn -0.747785 -0.403403 -0.527337
vn -0.887487 -0.390766 -0.244274
vn 0.002749 -0.205380 -0.978678
vn 0.032784 -0.227864 -0.973141
vn 0.714241 0.082729 -0.694993
vn 0.696853 0.037259 -0.716246
vn 0.575548 0.791050 0.207326
vn 0.183960 0.961757 0.202935
vn -0.148867 0.977671 0.148315
vn -0.364336 0.911554 0.190599
vn 0.396393 -0.081764 0.914433
vn 0.698287 -0.254716 0.668965
vn 0.376369 0.016367 0.926325
vn -0.000236 0.016296 0.999867
vn -0.001033 0.012182 0.999925
vn 0.051664 0.997789 0.041804
vn 0.024158 0.618396 0.785495
vn 0.243475 0.607531 0.756059
vn 0.109968 0.980894 0.160482
vn 0.011158 0.401776 0.915670
vn 0.282219 0.426473 0.859345
vn 0.001613 0.000449 0.999999
vn 0.262301 0.004407 0.964976
vn 0.001085 -0.182530 0.983200
vn 0.188274 -0.189901 0.963582
vn 0.002331 -0.130347 0.991466
vn 0.388255 -0.072480 0.918697
vn 0.455708 -0.040285 0.889217
vn 0.000478 -0.048162 0.998839
vn -0.001793 -0.060520 0.998165
vn 0.413088 -0.043076 0.909672
vn 0.197893 0.606889 -0.769755
vn 0.012150 0.589639 -0.807576
vn 0.035200 0.999174 -0.020322
vn 0.085606 0.988752 -0.122639
vn 0.005581 0.376109 -0.926558
vn 0.229309 0.409113 -0.883201
vn 0.001886 0.045117 -0.998980
vn 0.222813 0.043425 -0.973894
vn 0.239310 -0.237538 -0.941438
vn 0.002658 -0.278924 -0.960310
vn -0.002311 -0.333748 -0.942659
vn 0.229498 -0.343017 -0.910862
vn -0.000912 0.026872 -0.999638
vn 0.260581 0.025048 -0.965127
vn 0.000562 0.106550 -0.994307
vn -0.000932 0.095274 -0.995451
vn 0.176110 0.147334 -0.973282
vn -0.124409 0.069228 -0.989813
vn 0.037109 -0.238802 -0.970359
vn -0.208863 -0.193886 -0.958532
vn -0.000000 1.000000 0.000003
vn 0.013716 0.999881 0.007063
vn 0.035030 0.998594 0.039792
vn 0.016374 0.999862 0.002867
vn 0.009293 0.999942 -0.005403
vn 0.027567 0.999136 -0.031119
vn -0.013960 0.999900 0.002405
vn -0.028589 0.999326 0.023027
vn -0.226650 0.405415 -0.885589
vn -0.190984 0.605480 -0.772605
vn -0.245408 -0.235597 -0.940356
vn -0.260969 0.022205 -0.965092
vn 0.544509 0.021614 0.838476
vn -0.243370 0.470573 0.848134
vn -0.238173 0.607317 0.757918
vn -0.291621 -0.211910 0.932765
vn -0.286310 -0.144586 0.947165
vn -0.523336 0.054851 0.850360
vn -0.398570 -0.066582 0.914718
vn -0.178992 0.147981 -0.972658
vn -0.408767 -0.046817 0.911437
vn -0.413399 -0.039415 0.909697
vn 0.018690 0.015001 -0.999713
vn -0.235711 -0.343457 -0.909108
vn -0.225973 0.047012 -0.972998
vn -0.023313 0.999538 -0.019500
vn -0.069845 0.993988 -0.084319
vn -0.087221 0.990538 0.105957
vn 0.585187 0.036402 -0.810081
vn -0.148727 -0.096052 -0.984203
vn -0.148555 -0.096026 -0.984231
vn 0.585042 0.036370 -0.810187
vn -0.795360 -0.171505 -0.581367
vn -0.795273 -0.171500 -0.581489
vn -0.975825 -0.147016 0.161718
vn -0.975825 -0.147016 0.161718
vn -0.584716 -0.037193 0.810385
vn -0.584735 -0.037197 0.810371
vn 0.148890 0.094407 0.984337
vn 0.148916 0.094410 0.984333
vn 0.795300 0.170694 0.581688
vn 0.795295 0.170694 0.581696
vn 0.975830 0.146984 -0.161716
vn 0.975830 0.146984 -0.161716
vn 0.159966 -0.984620 0.070245
vn 0.159962 -0.984621 0.070243
vn 0.159962 -0.984621 0.070243
vn 0.159966 -0.984620 0.070245
vn 0.159975 -0.984619 0.070244
vn 0.159975 -0.984619 0.070244
vn 0.159972 -0.984619 0.070241
vn 0.159972 -0.984619 0.070241
vn 0.159974 -0.984619 0.070237
vn 0.159974 -0.984619 0.070237
vn 0.159965 -0.984621 0.070237
vn 0.159965 -0.984621 0.070237
vn 0.159961 -0.984621 0.070241
vn 0.159961 -0.984621 0.070241
vn 0.159969 -0.984620 0.070242
vn 0.159969 -0.984620 0.070242
vn -0.159877 0.984721 -0.069026
vn -0.159599 0.984848 -0.067845
vn -0.159599 0.984848 -0.067845
vn -0.159878 0.984721 -0.069027
vn -0.159680 0.984751 -0.069048
vn -0.159680 0.984751 -0.069050
vn -0.159974 0.984619 -0.070241
vn -0.159974 0.984619 -0.070241
vn -0.159966 0.984620 -0.070246
vn -0.159966 0.984620 -0.070246
vn -0.159961 0.984622 -0.070235
vn -0.159961 0.984622 -0.070235
vn -0.159955 0.984622 -0.070238
vn -0.159955 0.984622 -0.070238
vn -0.159945 0.984623 -0.070245
vn -0.159945 0.984623 -0.070245
vn -0.910033 0.287801 0.298347
vn -0.019350 -0.999806 -0.003699
vn -0.009944 -0.999935 -0.005545
vn -0.011078 -0.999935 -0.002745
vn -0.009941 -0.999935 -0.005572
vn -0.010045 -0.999940 -0.004405
vn -0.008695 -0.999960 -0.002312
vn -0.489854 0.236735 -0.839047
vn 0.477405 0.190160 -0.857860
vn -0.013772 -0.999905 -0.000360
vn -0.010107 -0.999949 0.000020
vn -0.006754 -0.999977 -0.000207
vn -0.009316 -0.999957 0.000035
vn -0.997732 0.017363 0.065042
vn -0.999513 0.026731 -0.016078
vn -0.999612 0.026724 -0.007873
vn -0.998635 0.018135 0.048986
vn -0.493865 -0.001465 0.869537
vn -0.493543 -0.001464 0.869720
vn 0.466091 -0.014070 0.884625
vn 0.465853 -0.014063 0.884750
vn 0.983834 -0.005576 0.178996
vn 0.987497 -0.004740 0.157565
vn 0.998607 0.003301 -0.052658
vn 0.998586 0.003320 -0.053055
vn 0.997810 0.003949 -0.066034
vn 0.928403 0.003552 -0.371558
vn 0.999609 -0.000612 0.027944
vn 0.923490 0.003679 -0.383605
vn 0.508918 0.002932 -0.860810
vn 0.509568 0.002936 -0.860425
vn -0.534132 0.012964 -0.845302
vn -0.534790 0.012979 -0.844885
vn -0.996679 0.025587 -0.077311
vn -0.996390 0.025565 -0.080949
vn -0.012397 0.014980 -0.999811
vn 0.129883 0.053646 -0.990077
vn 0.087651 -0.228341 -0.969628
vn -0.857901 0.510473 0.058510
vn -0.947542 0.255537 0.192002
vn -0.947542 0.255537 0.192002
vn -0.331218 0.735350 0.591232
vn -0.611556 0.619231 0.492495
vn 0.451630 0.699850 0.553390
vn 0.549666 0.657250 0.515645
vn 0.937849 0.286884 0.195288
vn 0.879747 0.384211 0.280048
vn 0.991487 0.119472 0.051772
vn 0.991487 0.119472 0.051772
vn -0.278887 0.666450 0.691424
vn 0.478232 0.570488 0.667710
vn 0.889865 0.266537 0.370269
vn -0.288545 0.916194 0.278083
vn 0.658401 0.750391 0.058485
vn 0.323636 0.914764 0.241798
vn 0.704315 0.709884 -0.002076
vn 0.878711 -0.313423 -0.360046
vn 0.878711 -0.313423 -0.360046
vn 0.878711 -0.313423 -0.360046
vn 0.878711 -0.313423 -0.360046
vn -0.656400 -0.699846 0.281699
vn -0.237430 -0.703731 0.669619
vn -0.245194 -0.705583 0.664855
vn 0.244215 0.703894 -0.667003
vn 0.673976 0.692585 -0.257065
vn 0.256062 0.706657 -0.659598
vn 0.151459 -0.729463 0.667041
vn 0.155067 -0.731506 0.663967
vn -0.141587 0.724457 -0.674622
vn -0.143025 0.725266 -0.673449
vn 0.205724 -0.855187 0.475745
vn 0.136382 -0.923304 0.359041
vn 0.136382 -0.923304 0.359041
vn 0.204363 -0.856767 0.473484
vn -0.128645 0.908096 -0.398513
vn -0.196896 0.839129 -0.507045
vn -0.196964 0.839049 -0.507152
vn -0.128645 0.908096 -0.398513
vn -0.027617 0.638042 -0.769506
vn -0.027617 0.638043 -0.769506
vn -0.027617 0.638043 -0.769506
vn 0.040295 -0.765878 0.641722
vn 0.040295 -0.765878 0.641722
vn 0.040295 -0.765878 0.641722
vn 0.327643 0.159335 0.931269
vn 0.000000 0.041803 0.999126
vn -0.008711 -0.555072 0.831756
vn 0.627369 -0.320733 0.709604
vn -0.327643 0.159335 0.931269
vn -0.631940 -0.323119 0.704447
vn -0.463357 0.443083 0.767449
vn -0.873968 0.240213 0.422466
vn -0.327643 0.726832 0.603627
vn -0.617483 0.778347 0.113535
vn 0.000000 0.844366 0.535767
vn 0.000000 0.999899 -0.014200
vn 0.327643 0.726832 0.603627
vn 0.617331 0.778451 0.113654
vn 0.463357 0.443084 0.767449
vn 0.873038 0.243825 0.422319
vn 0.027109 -0.897157 -0.440879
vn 0.452363 -0.791326 -0.411305
vn -0.379524 -0.790426 -0.480821
vn -0.670100 -0.353391 -0.652748
vn -0.545304 0.154825 -0.823816
vn -0.011920 0.294095 -0.955702
vn 0.466515 0.049754 -0.883113
vn 0.692368 -0.358704 -0.626066
vn 0.001296 -0.476731 -0.879048
vn -0.088663 -0.452477 -0.887358
vn 0.078655 -0.457875 -0.885530
vn 0.115671 -0.480226 -0.869485
vn 0.124425 -0.584209 -0.802009
vn 0.009671 -0.642375 -0.766330
vn -0.106145 -0.594439 -0.797104
vn -0.116993 -0.494775 -0.861110
vn 0.000000 0.499997 0.866027
vn 0.007798 -0.469714 -0.882784
vn 0.505138 0.027942 -0.862586
vn -0.505138 0.027942 -0.862586
vn -0.502700 0.171032 -0.847373
vn 0.502700 0.171032 -0.847373
vn -0.999400 -0.034548 -0.002493
vn -0.994054 0.108604 0.007837
vn -0.505139 -0.096197 0.857660
vn -0.502701 0.047596 0.863149
vn 0.505138 -0.096197 0.857660
vn 0.502701 0.047596 0.863149
vn 0.999400 -0.034548 -0.002493
vn 0.994054 0.108604 0.007838
vn 0.000000 -0.997406 -0.071975
vn 0.000000 0.997406 0.071975
vn -0.605210 -0.181194 0.775171
vn -0.605210 -0.181194 0.775171
vn -0.605210 -0.181194 0.775171
vn -0.605210 -0.181194 0.775171
vn -0.104839 0.985026 0.136866
vn -0.104839 0.985026 0.136866
vn -0.104839 0.985026 0.136866
vn -0.104839 0.985026 0.136866
vn 0.103922 -0.985359 -0.135160
vn 0.103922 -0.985359 -0.135160
vn 0.103922 -0.985359 -0.135160
vn 0.103922 -0.985359 -0.135160
vn 0.767277 0.002743 0.641310
vn 0.767277 0.002743 0.641310
vn 0.767277 0.002743 0.641310
vn 0.767277 0.002743 0.641310
vn -0.792764 0.000023 -0.609528
vn -0.792764 0.000023 -0.609528
vn -0.792764 0.000023 -0.609528
vn -0.792764 0.000023 -0.609528
vn -0.485415 0.185547 0.854368
vn -0.485415 0.185547 0.854368
vn -0.485415 0.185547 0.854368
vn -0.485415 0.185547 0.854368
vn 0.131114 0.981618 -0.138691
vn 0.131114 0.981618 -0.138691
vn 0.131114 0.981618 -0.138691
vn 0.131114 0.981618 -0.138691
vn -0.131109 -0.981621 0.138673
vn -0.131109 -0.981621 0.138673
vn -0.131109 -0.981621 0.138673
vn -0.131109 -0.981621 0.138673
vn 0.864400 -0.044708 0.500813
vn 0.864400 -0.044708 0.500813
vn 0.864400 -0.044708 0.500813
vn 0.864400 -0.044708 0.500813
vn -0.864394 0.044721 -0.500822
vn -0.864394 0.044721 -0.500822
vn -0.864395 0.044721 -0.500822
vn -0.864394 0.044721 -0.500822
vn -0.497497 -0.783414 0.372504
vn -0.432783 -0.147972 0.889271
vn -0.907297 -0.366109 0.206825
vn -0.789378 0.420187 0.447577
vn -0.493337 0.783789 0.377219
vn -0.445711 0.895127 -0.009464
vn -0.954467 0.235205 -0.183500
vn 0.909523 -0.361063 0.205917
vn 0.516878 -0.763233 0.387702
vn 0.471704 -0.836422 -0.279094
vn 0.945372 -0.230831 -0.230195
vn -0.944728 -0.234342 -0.229287
vn -0.453177 -0.845556 -0.282251
vn -0.945276 -0.075507 0.317415
vn 0.945276 -0.075507 0.317416
vn 0.954466 0.235205 -0.183500
vn 0.789378 0.420188 0.447577
vn -0.402001 -0.147081 0.903749
vn -0.483216 -0.058509 -0.873544
vn -0.492877 0.288643 -0.820827
vn 0.498992 -0.054408 -0.864897
vn 0.505713 0.287054 -0.813544
vn -0.000000 0.830636 0.556816
vn -0.000658 0.980482 -0.196607
vn 0.000579 0.415862 -0.909427
vn 0.000000 -0.159648 -0.987174
vn 0.000006 -0.899280 -0.437373
vn 0.001194 -0.983381 -0.181551
vn 0.448185 0.893934 -0.003477
vn 0.493336 0.783789 0.377220
vn -0.413874 0.068884 0.907724
vn 0.413873 0.068884 0.907725
vn 0.431581 -0.146460 0.890105
vn -0.452059 0.221823 0.863966
vn 0.452059 0.221823 0.863966
vn 0.402000 -0.147081 0.903749
vn -0.762837 -0.546557 0.345478
vn 0.762837 -0.546557 0.345478
vn 0.000048 0.050099 0.998744
vn -0.003921 0.048436 0.998819
vn 0.000035 0.044450 0.999012
vn 0.004010 0.048468 0.998817
vn 0.005656 0.044457 0.998995
vn 0.004002 0.040441 0.999174
vn 0.000029 0.038806 0.999247
vn -0.003933 0.040458 0.999174
vn -0.005585 0.044440 0.998996
vn -0.010825 -0.999575 0.027050
vn 0.700353 -0.713632 0.015318
vn 0.669976 -0.658435 0.342921
vn 0.002674 -0.935041 0.354531
vn -0.703432 -0.710397 0.022816
vn -0.671671 -0.655613 0.345007
vn -0.999984 -0.001808 -0.005389
vn -0.948197 0.012902 0.317421
vn -0.706946 0.706474 -0.033486
vn -0.671260 0.682974 0.288022
vn 0.000018 0.998906 -0.046754
vn 0.000618 0.961483 0.274862
vn 0.706238 0.707053 -0.036108
vn 0.671063 0.683351 0.287586
vn 0.999979 -0.001585 -0.006318
vn 0.948491 0.012665 0.316551
vn -0.066713 0.111215 0.991555
vn -0.066781 0.111147 0.991558
vn -0.094680 0.044163 0.994528
vn -0.094680 0.044205 0.994526
vn 0.000177 0.138855 0.990313
vn 0.000041 0.138855 0.990313
vn 0.067343 0.111318 0.991501
vn 0.067334 0.111327 0.991500
vn 0.094948 0.044487 0.994488
vn 0.094948 0.044428 0.994490
vn 0.067329 -0.022867 0.997469
vn 0.067297 -0.022898 0.997470
vn -0.000176 -0.050960 0.998701
vn -0.000154 -0.050960 0.998701
vn -0.067213 -0.023158 0.997470
vn -0.067378 -0.022992 0.997463
vn 0.642767 -0.624860 0.443171
vn -0.000118 -0.890373 0.455233
vn -0.644431 -0.623070 0.443275
vn -0.909209 0.017208 0.415985
vn -0.643103 0.660780 0.387025
vn -0.000844 0.927309 0.374295
vn 0.642751 0.661132 0.387009
vn 0.909606 0.016828 0.415132
vn -0.706691 0.706759 -0.032863
vn -0.000438 0.998970 -0.045370
vn 0.000644 0.998970 -0.045369
vn -0.706310 0.707139 -0.032880
vn 0.708814 0.704657 -0.032272
vn 0.708367 0.705105 -0.032292
vn 1.000000 0.000845 -0.000635
vn 0.999999 0.000942 -0.000640
vn 0.708087 -0.705429 0.031347
vn 0.708232 -0.705284 0.031340
vn 0.000013 -0.999018 0.044308
vn -0.000096 -0.999018 0.044308
vn -0.707113 -0.706416 0.031124
vn -0.707100 -0.706428 0.031125
vn -0.999999 0.000683 -0.001055
vn -0.999999 0.000624 -0.001053
vn -0.551554 0.019137 0.833920
vn -0.551554 0.019137 0.833920
vn -0.551554 0.019137 0.833920
vn -0.551554 0.019137 0.833920
vn -0.062942 0.995640 -0.068840
vn -0.062942 0.995640 -0.068840
vn -0.062942 0.995640 -0.068840
vn -0.062942 0.995640 -0.068840
vn 0.063268 -0.995546 0.069899
vn 0.063268 -0.995546 0.069899
vn 0.063268 -0.995546 0.069899
vn 0.063268 -0.995546 0.069899
vn 0.831059 0.089366 0.548958
vn 0.831059 0.089366 0.548958
vn 0.831059 0.089366 0.548958
vn 0.831059 0.089366 0.548958
vn -0.831008 -0.089847 -0.548957
vn -0.831008 -0.089847 -0.548957
vn -0.831008 -0.089847 -0.548957
vn -0.831008 -0.089847 -0.548957
vn 0.464529 -0.216860 0.858595
vn 0.461016 -0.218898 0.859970
vn 0.464496 -0.222300 0.857220
vn 0.468014 -0.218019 0.856406
vn 0.469447 -0.221671 0.854682
vn 0.467957 -0.225698 0.854445
vn 0.464451 -0.227737 0.855816
vn 0.460967 -0.226570 0.858007
vn 0.459527 -0.222916 0.859734
vn 0.068487 -0.961107 -0.267549
vn 0.638592 -0.647818 -0.415370
vn 0.750032 -0.617901 -0.235903
vn 0.098226 -0.993766 -0.052740
vn -0.641903 -0.766607 0.016566
vn -0.552461 -0.782014 0.288515
vn -0.952280 -0.066846 0.297818
vn -0.801613 -0.145392 0.579895
vn -0.648462 0.651165 0.394311
vn -0.537411 0.544963 0.643588
vn 0.053802 0.967261 0.248017
vn 0.096683 0.887789 0.449982
vn 0.704807 0.708309 -0.039314
vn 0.728872 0.675326 0.112606
vn 0.939881 0.060256 -0.336146
vn 0.981458 0.056926 -0.183027
vn 0.403315 -0.163643 0.900310
vn 0.403314 -0.163645 0.900310
vn 0.378227 -0.231770 0.896229
vn 0.378227 -0.231768 0.896230
vn 0.462968 -0.129308 0.876892
vn 0.462965 -0.129308 0.876894
vn 0.522302 -0.148810 0.839676
vn 0.522301 -0.148809 0.839677
vn 0.546542 -0.210811 0.810463
vn 0.546542 -0.210811 0.810463
vn 0.521472 -0.278952 0.806382
vn 0.521473 -0.278951 0.806382
vn 0.461816 -0.313326 0.829791
vn 0.461820 -0.313326 0.829789
vn 0.402468 -0.293807 0.867004
vn 0.402469 -0.293808 0.867004
vn 0.768421 -0.639658 0.019139
vn 0.169358 -0.962848 0.210337
vn -0.387055 -0.768480 0.509537
vn -0.612680 -0.192496 0.766531
vn -0.372922 0.459969 0.805827
vn 0.198295 0.788912 0.581633
vn 0.766353 0.601630 0.225265
vn 0.998098 0.061092 0.008212
vn -0.621983 0.607151 0.494475
vn 0.005910 0.968738 0.248016
vn 0.005924 0.968740 0.248009
vn -0.621985 0.607148 0.494475
vn 0.630376 0.762871 -0.143716
vn 0.630381 0.762866 -0.143720
vn 0.885564 0.110111 -0.451279
vn 0.885564 0.110112 -0.451279
vn 0.622000 -0.607128 -0.494480
vn 0.621990 -0.607141 -0.494478
vn -0.005929 -0.968740 -0.248007
vn -0.005910 -0.968738 -0.248017
vn -0.630356 -0.762881 0.143748
vn -0.630373 -0.762864 0.143762
vn -0.885546 -0.110127 0.451309
vn -0.885546 -0.110123 0.451310
vn 0.648679 0.601412 -0.466390
vn 0.689204 0.410415 -0.597125
vn 0.654618 0.509666 -0.558315
vn 0.600786 0.687452 -0.408002
vn 0.439308 0.408452 -0.800110
vn 0.480128 0.508727 -0.714615
vn 0.227602 0.445937 -0.865643
vn 0.237766 0.516100 -0.822866
vn 0.000000 0.468332 -0.883552
vn 0.000000 0.526665 -0.850073
vn -0.227602 0.445937 -0.865643
vn -0.237766 0.516099 -0.822866
vn -0.451584 0.405495 -0.794761
vn -0.491991 0.503640 -0.710135
vn -0.714273 0.390968 -0.580482
vn -0.686503 0.483651 -0.542951
vn -0.687077 0.550811 -0.473849
vn -0.635031 0.646109 -0.423414
vn -0.578715 0.771674 -0.263832
vn -0.534039 0.844260 -0.045021
vn -0.643803 0.597971 0.477440
vn -0.714818 0.373998 0.590899
vn -0.657924 0.510244 0.553883
vn -0.540500 0.731482 0.415685
vn -0.601764 0.245043 0.760154
vn -0.531587 0.505531 0.679598
vn -0.472430 0.287603 0.833124
vn -0.420185 0.533236 0.734237
vn 0.420186 0.533235 0.734237
vn 0.472430 0.287602 0.833124
vn 0.572955 0.257520 0.778078
vn 0.507526 0.518842 0.687910
vn 0.662061 0.437255 0.608673
vn 0.601359 0.566450 0.563473
vn 0.590396 0.689173 0.420087
vn 0.502414 0.791286 0.348492
vn 0.490790 0.834751 0.249633
vn 0.505524 0.861634 -0.045071
vn -0.170430 -0.814887 0.553997
vn -0.073338 -0.935669 0.345173
vn -0.093362 -0.921770 0.376329
vn -0.213358 -0.819247 0.532271
vn -0.171689 -0.840313 0.514196
vn -0.198777 -0.806971 0.556134
vn -0.122567 -0.782311 0.610710
vn -0.151884 -0.737941 0.657552
vn -0.000000 -0.803166 0.595755
vn -0.000000 -0.721454 0.692463
vn 0.122567 -0.782311 0.610710
vn 0.151884 -0.737941 0.657552
vn 0.171689 -0.840312 0.514196
vn 0.198778 -0.806970 0.556135
vn 0.170431 -0.814886 0.553998
vn 0.213359 -0.819246 0.532272
vn 0.073338 -0.935670 0.345173
vn 0.093362 -0.921770 0.376330
vn 0.010502 -0.964981 -0.262111
vn -0.017310 -0.950067 -0.311566
vn 0.000416 -0.957701 -0.287765
vn 0.003113 -0.986799 -0.161920
vn -0.027938 -0.993556 -0.109844
vn 0.079221 -0.900074 -0.428475
vn 0.103810 -0.556121 -0.824592
vn 0.086608 -0.725775 -0.682458
vn 0.027938 -0.993556 -0.109848
vn -0.089717 -0.727811 -0.679884
vn -0.100003 -0.560375 -0.822180
vn -0.079221 -0.900073 -0.428477
vn -0.010502 -0.964981 -0.262110
vn -0.003114 -0.986799 -0.161920
vn 0.017310 -0.950067 -0.311565
vn -0.000417 -0.957701 -0.287765
vn 0.690864 0.628537 -0.357279
vn 0.768965 0.611295 -0.187112
vn 0.483745 0.641702 -0.595155
vn 0.286084 0.627574 -0.724091
vn 0.000000 0.610632 -0.791914
vn -0.286085 0.627574 -0.724090
vn -0.483746 0.641703 -0.595154
vn -0.690864 0.628537 -0.357280
vn -0.768964 0.611296 -0.187114
vn -0.789446 0.613818 0.001409
vn -0.768555 0.615967 0.172940
vn -0.678611 0.657787 0.326807
vn -0.486704 0.648581 0.585203
vn -0.315744 0.532097 0.785607
vn 0.315744 0.532097 0.785607
vn 0.486703 0.648580 0.585205
vn 0.678612 0.657786 0.326808
vn 0.768556 0.615965 0.172938
vn 0.789446 0.613818 0.001409
vn 0.202001 0.793988 -0.573392
vn 0.277474 0.812430 -0.512802
vn 0.902674 0.039891 -0.428472
vn 0.845957 -0.034634 -0.532126
vn 0.221850 0.804707 -0.550663
vn 0.591118 0.001674 -0.806583
vn 0.094286 0.827919 -0.552866
vn 0.388472 -0.018590 -0.921273
vn 0.000000 0.806856 -0.590749
vn 0.000000 -0.037580 -0.999294
vn -0.094286 0.827919 -0.552865
vn -0.388473 -0.018590 -0.921273
vn -0.198669 0.821193 -0.534951
vn -0.591118 0.001675 -0.806583
vn -0.044645 0.857279 -0.512913
vn -0.845957 -0.034635 -0.532125
vn -0.104667 0.876526 -0.469838
vn -0.902674 0.039891 -0.428472
vn -0.042973 0.960658 0.274391
vn -0.055975 0.909723 0.411426
vn -0.833071 -0.032290 0.552223
vn -0.647801 -0.026680 0.761342
vn -0.075942 0.924843 0.372691
vn -0.602955 0.052847 0.796023
vn -0.672819 0.034319 0.739011
vn 0.167169 0.834645 0.524807
vn 0.127115 0.872685 0.471448
vn -0.167169 0.834645 0.524806
vn 0.672818 0.034319 0.739011
vn 0.602956 0.052847 0.796022
vn 0.252525 0.836643 0.486065
vn 0.647801 -0.026678 0.761342
vn 0.297188 0.809474 0.506391
vn 0.833071 -0.032289 0.552224
vn -0.290342 0.899765 -0.325768
vn -0.216239 0.901025 -0.376024
vn 0.681496 -0.728529 -0.069339
vn 0.745354 -0.666346 0.020752
vn -0.229817 0.963237 -0.139137
vn 0.537650 -0.792787 -0.287093
vn -0.161535 0.985415 -0.053514
vn 0.322447 -0.880431 -0.347662
vn -0.000000 0.999895 -0.014516
vn 0.000000 -0.919115 -0.393989
vn 0.161535 0.985415 -0.053512
vn -0.322448 -0.880431 -0.347662
vn 0.309210 0.949271 -0.057224
vn -0.537650 -0.792786 -0.287094
vn 0.526978 0.841935 -0.115933
vn -0.681496 -0.728530 -0.069337
vn 0.534468 0.818097 -0.212276
vn -0.745353 -0.666347 0.020754
vn 0.370843 0.877691 -0.303536
vn 0.523006 0.848395 -0.081803
vn -0.488148 -0.768850 0.413015
vn -0.659538 -0.725285 0.197413
vn 0.287866 0.949697 -0.123328
vn -0.543706 -0.734115 0.406767
vn 0.466880 0.857052 0.217912
vn -0.763784 -0.587046 0.268349
vn -0.191695 0.974768 0.114372
vn -0.466880 0.857052 0.217912
vn 0.758140 -0.598923 0.257906
vn 0.543706 -0.734116 0.406765
vn -0.091368 0.990095 0.106599
vn 0.488149 -0.768850 0.413014
vn -0.129695 0.953990 0.270337
vn 0.659539 -0.725283 0.197413
vn -0.353733 0.933703 0.055430
vn -0.000000 0.999894 0.014596
vn -0.000000 0.822633 0.568573
vn -0.015845 0.831109 0.555884
vn 0.000000 0.542563 0.840015
vn -0.000000 0.463862 0.885907
vn 0.128649 0.445231 0.886126
vn 0.147711 0.511364 0.846574
vn 0.000000 0.553153 0.833080
vn -0.000000 -0.925779 -0.378065
vn 0.000000 -0.592900 -0.805276
vn -0.005388 -0.579354 -0.815058
vn 0.135090 -0.917839 -0.373259
vn -0.000000 -0.926966 0.375145
vn 0.495023 -0.780585 0.381627
vn -0.000000 -0.082751 0.996570
vn 0.415197 -0.053695 0.908145
vn -0.274432 0.388711 0.879540
vn -0.128649 0.445231 0.886126
vn -0.147711 0.511364 0.846575
vn -0.327402 0.413990 0.849364
vn 0.274432 0.388710 0.879540
vn 0.327402 0.413990 0.849364
vn -0.138130 -0.922593 -0.360198
vn -0.098541 -0.696613 -0.710647
vn 0.012507 -0.576479 -0.817016
vn 0.096689 -0.698254 -0.709290
vn 0.015844 0.831109 0.555884
vn 0.190442 0.827875 0.527593
vn -0.638537 -0.015445 0.769437
vn -0.415198 -0.053695 0.908145
vn -0.190443 0.827876 0.527592
vn 0.638536 -0.015445 0.769437
vn 0.353733 0.933703 0.055430
vn 0.539781 0.823123 0.176367
vn -0.496124 -0.775233 0.390992
vn -0.737352 -0.599235 0.311817
vn -0.539780 0.823123 0.176368
vn 0.733136 -0.612692 0.295161
vn -0.000000 1.000000 0.000003
vn -0.000000 1.000000 0.000003
vn -0.000000 1.000000 0.000003
vn -0.000000 1.000000 0.000003
vn 0.000000 -0.539673 -0.841875
vn 0.000000 -0.914515 -0.404552
vn 0.000000 -0.991261 -0.131918
vn 0.000000 -0.971981 0.235058
vn 0.000000 -0.941301 0.337567
vn 0.000000 -0.967849 -0.251533
vn 0.000000 -0.998302 0.058244
vn -0.029598 -0.993433 0.110517
vn 0.006863 -0.972543 -0.232621
vn 0.000000 -0.967140 -0.254244
vn 0.000000 -0.973660 0.228007
vn 0.000000 -0.957748 0.287608
vn -0.006864 -0.972543 -0.232621
vn 0.029598 -0.993434 0.110517
vn 0.000000 1.000000 0.000003
vn 0.000000 1.000000 0.000003
vn 0.000000 1.000000 0.000003
vn 0.000000 1.000000 0.000003
vn -0.328780 0.375641 -0.866486
vn 0.000000 0.381809 -0.924241
vn -0.556736 0.394170 -0.731215
vn -0.796717 0.432080 -0.422550
vn -0.868417 0.445261 -0.218162
vn -0.891606 0.452809 -0.001483
vn -0.869379 0.454192 0.194654
vn -0.801824 0.455313 0.386998
vn -0.564841 0.432627 0.702701
vn -0.329908 0.413654 0.848558
vn 0.000000 0.405043 0.914298
vn 0.868418 0.445261 -0.218159
vn 0.891606 0.452809 -0.001483
vn 0.796717 0.432081 -0.422549
vn 0.556734 0.394170 -0.731216
vn 0.328780 0.375641 -0.866486
vn 0.329908 0.413654 0.848558
vn 0.564839 0.432627 0.702702
vn 0.801824 0.455313 0.387000
vn 0.869379 0.454193 0.194652
vn -0.495335 0.800712 0.336903
vn 0.031900 -0.991745 0.124196
vn -0.014933 -0.978220 -0.207033
vn 0.558190 0.802302 -0.211507
vn 0.322153 0.934663 0.150410
vn 0.284274 0.938972 -0.193702
vn -0.325612 0.913144 -0.245246
vn -0.313169 0.918450 0.241610
vn -0.985436 0.061998 -0.158342
vn -0.958375 0.062616 0.278561
vn -0.741858 -0.665725 0.080358
vn -0.743091 -0.668498 0.030438
vn -0.084294 0.973696 -0.211685
vn -0.086682 0.975062 0.204306
vn 0.411171 0.876240 0.251279
vn 0.427146 0.871259 -0.241774
vn 0.958375 0.062618 0.278562
vn 0.985436 0.061999 -0.158339
vn 0.014933 -0.978220 -0.207033
vn -0.031901 -0.991745 0.124197
vn 0.743092 -0.668497 0.030439
vn 0.741859 -0.665723 0.080359
vn -0.009663 -0.999945 -0.004036
vn -0.009663 -0.999945 -0.004036
vn -0.009663 -0.999945 -0.004036
vn -0.002035 -0.999950 -0.009789
vn -0.002035 -0.999950 -0.009789
vn -0.002035 -0.999950 -0.009789
vn -0.442026 -0.259286 -0.858710
vn -0.367203 -0.327111 -0.870724
vn 0.533315 -0.239076 -0.811429
vn 0.527329 -0.188581 -0.828469
vn 0.918848 -0.151027 -0.364567
vn 0.931500 -0.109163 -0.346974
vn -0.941392 -0.299012 -0.156117
vn -0.970259 -0.212774 -0.115437
vn 0.930770 -0.001452 0.365603
vn 0.932063 0.015386 0.361969
vn 0.855896 0.364099 -0.367253
vn 0.945289 0.005478 0.326190
vn 0.417170 0.472073 -0.776606
vn -0.452432 0.395999 -0.799056
vn -0.976940 0.086553 -0.195184
vn 0.623880 0.266739 -0.734591
vn 0.449742 0.727105 -0.518700
vn -0.670679 0.554795 -0.492333
vn -0.654182 0.042969 -0.755116
vn 0.960632 0.098887 -0.259629
vn 0.859144 0.479136 -0.179726
vn -0.994688 0.060549 -0.083242
vn -0.993359 -0.091179 -0.070177
vn 0.949647 -0.000913 0.313321
vn 0.947609 -0.036864 0.317299
vn 0.030636 0.085610 -0.995858
vn 0.009010 0.222837 -0.974814
vn -0.466912 0.032280 -0.883715
vn -0.376081 -0.050794 -0.925194
vn 0.308163 0.120428 -0.943680
vn 0.312184 0.277338 -0.908639
vn -0.498083 -0.024939 -0.866771
vn 0.025846 0.148125 -0.988631
vn 0.245557 0.213259 -0.945633
vn 0.379456 0.248152 -0.891310
vn 0.918737 -0.018112 0.394455
vn 0.932589 -0.022937 0.360212
vn 0.641625 0.034999 0.766220
vn 0.637682 0.035080 0.769501
vn 0.693621 -0.070598 -0.716873
vn 0.692087 -0.071276 -0.718287
vn 0.991740 -0.068169 -0.108649
vn 0.991682 -0.066969 -0.109914
vn -0.881603 -0.197939 -0.428481
vn -0.946569 -0.140095 -0.290484
vn -0.949397 -0.056516 -0.308951
vn -0.901831 -0.085305 -0.423584
vn 0.291133 -0.094188 -0.952035
vn 0.284479 -0.135023 -0.949126
vn -0.957516 -0.015360 -0.287971
vn -0.960736 -0.018232 -0.276866
vn -0.910679 -0.058440 -0.408960
vn -0.900568 -0.045669 -0.432310
vn 0.629521 0.011532 0.776898
vn 0.899008 -0.079827 0.430596
vn 0.941818 -0.110089 0.317582
vn 0.680070 0.006653 0.733117
vn 0.985871 -0.166473 -0.018599
vn 0.986379 -0.158150 -0.045228
vn 0.694165 -0.138830 -0.706301
vn 0.684851 -0.136638 -0.715757
vn 0.210963 -0.149610 -0.965977
vn 0.282687 -0.132925 -0.949957
vn 0.921658 -0.090114 0.377394
vn 0.649823 -0.008988 0.760032
vn 0.643367 -0.016214 0.765386
vn 0.890338 -0.090084 0.446300
vn 0.987429 -0.143935 -0.065314
vn 0.986037 -0.156420 -0.057135
vn 0.923246 -0.174630 0.342229
vn 0.622127 -0.057584 0.780796
vn 0.974748 -0.221379 -0.029272
vn -0.866761 0.494481 0.064908
vn -0.947940 0.160266 -0.275183
vn -0.325706 -0.356260 -0.875782
vn -0.952407 0.050148 -0.300676
vn -0.346853 0.450665 0.822553
vn -0.343061 0.309058 0.887013
vn -0.362529 0.625970 0.690459
vn -0.396361 0.249045 0.883671
vn -0.762583 -0.330768 0.555931
vn 0.252501 -0.691802 -0.676501
vn 0.615825 -0.674249 -0.407612
vn -0.415448 -0.268629 0.869046
vn -0.568351 -0.617693 -0.543538
vn -0.808532 0.294160 0.509653
vn -0.818241 0.319131 0.478160
vn -0.863066 0.059299 0.501598
vn -0.863066 0.059299 0.501598
vn -0.863066 0.059299 0.501598
vn -0.863066 0.059299 0.501598
vn -0.077662 0.994015 -0.076835
vn -0.077662 0.994015 -0.076835
vn -0.077662 0.994015 -0.076835
vn -0.077662 0.994015 -0.076835
vn -0.525969 -0.295268 -0.797605
vn -0.964037 -0.123476 -0.235345
vn 0.944884 -0.178522 0.274451
vn 0.738238 -0.146438 0.658453
vn -0.897065 0.182750 0.402339
vn -0.895662 0.182359 0.405628
vn -0.840404 0.139780 0.523624
vn -0.838869 0.221119 0.497398
vn -0.911237 -0.026155 -0.411051
vn -0.945608 -0.130598 -0.297943
vn -0.670561 -0.368239 -0.644009
vn -0.518238 -0.226256 -0.824765
vn 0.367070 -0.739062 -0.564843
vn 0.531550 -0.343484 -0.774256
vn -0.613749 0.094633 0.783809
vn -0.644426 0.223501 0.731274
vn 0.370934 -0.777200 -0.508300
vn 0.827555 -0.289040 -0.481258
vn 0.192846 -0.919059 0.343718
vn 0.954064 -0.169084 0.247330
vn 0.027825 -0.568982 0.821879
vn 0.842210 -0.061695 0.535608
vn -0.789970 0.286210 0.542247
vn 0.256011 -0.052281 0.965259
vn 0.241893 -0.080812 0.966932
vn 0.269687 0.062226 0.960935
vn 0.261885 0.062657 0.963063
vn 0.152286 0.060593 0.986477
vn 0.022563 0.046256 0.998675
vn -0.099003 0.049555 0.993853
vn -0.126510 0.071761 0.989366
vn -0.535926 0.050828 0.842734
vn -0.451588 -0.095562 0.887094
vn -0.247288 0.200334 0.948006
vn -0.342347 0.050209 0.938231
vn -0.858999 -0.139140 0.492709
vn -0.763240 -0.264734 -0.589390
vn -0.820669 -0.122330 -0.558156
vn -0.891641 -0.047982 0.450194
vn -0.821534 -0.073676 -0.565379
vn -0.926832 0.029985 0.374278
vn -0.799783 -0.109877 -0.590147
vn -0.999157 -0.039075 -0.012589
vn -0.946222 -0.303213 -0.112807
vn -0.062572 0.072686 0.995390
vn 0.502192 -0.582014 -0.639580
vn 0.003901 -0.492877 -0.870090
vn -0.535355 -0.161632 -0.829017
vn -0.541453 -0.192244 -0.818457
vn -0.929866 -0.037161 -0.366016
vn -0.921430 -0.001929 -0.388539
vn -0.927015 0.126819 0.352932
vn -0.761458 0.147655 0.631174
vn -0.744021 0.199759 0.637597
vn -0.922390 0.157765 0.352573
vn 0.545626 -0.308163 -0.779312
vn 0.389026 -0.299454 -0.871198
vn 0.850148 -0.253618 -0.461440
vn 0.781598 -0.255126 -0.569223
vn 0.961622 -0.094818 0.257475
vn 0.960236 -0.107426 0.257696
vn 0.850408 -0.024993 0.525530
vn 0.805361 -0.038959 0.591503
vn -0.593684 0.130382 0.794066
vn 0.364440 0.044022 0.930186
vn 0.378552 0.113032 0.918652
vn -0.572971 0.228690 0.787023
vn -0.436769 0.163686 0.884557
vn -0.778348 0.178064 0.602053
vn -0.361153 0.137151 0.922366
vn -0.381534 0.195060 0.903539
vn -0.806541 0.139309 0.574529
vn -0.806774 0.168437 0.566344
vn 0.926280 0.050385 0.373453
vn 0.603221 0.083927 0.793146
vn 0.983446 0.011873 -0.180813
vn 0.984543 0.024942 -0.173358
vn 0.985927 0.025552 -0.165214
vn 0.667491 -0.027258 -0.744119
vn 0.666771 -0.027584 -0.744752
vn 0.924081 0.058413 0.377707
vn 0.924723 0.056674 0.376397
vn 0.511437 0.079064 0.855676
vn 0.584830 0.073596 0.807810
vn -0.054047 0.140310 0.988631
vn 0.051967 0.132284 0.989849
vn 0.305254 -0.093199 -0.947699
vn 0.235217 -0.107055 -0.966029
vn -0.935784 -0.207658 -0.284934
vn -0.807985 -0.334641 -0.484949
vn -0.847627 -0.293995 -0.441696
vn -0.809079 -0.408778 -0.422246
vn -0.692403 -0.370029 -0.619400
vn -0.538835 -0.590861 -0.600450
vn -0.855839 -0.182289 0.484056
vn -0.651483 -0.435110 0.621489
vn -0.137467 0.093071 0.986124
vn -0.200938 -0.071404 0.976998
vn 0.922194 0.078036 0.378773
vn 0.968655 0.030723 -0.246501
vn 0.448108 0.129826 0.884502
vn 0.927539 0.062384 0.368483
vn 0.603034 0.094170 0.792137
vn 0.982213 0.021308 -0.186557
vn 0.288579 -0.045074 0.956395
vn 0.202932 -0.067938 -0.976833
vn 0.861060 0.292155 0.416199
vn 0.945814 0.313823 -0.083371
vn 0.734975 0.281158 -0.617059
vn 0.878650 0.172238 0.445319
vn 0.971378 0.221032 -0.087004
vn 0.761669 0.199103 -0.616618
vn 0.405607 -0.043689 0.913003
vn 0.161971 -0.092652 -0.982436
vn 0.866238 0.260594 0.426289
vn 0.694707 0.295418 -0.655828
vn 0.921042 0.376072 -0.101249
vn -0.793264 -0.297246 0.531392
vn -0.526573 -0.205172 0.825000
vn 0.196860 0.039075 0.979653
vn 0.797053 0.203072 0.568743
vn 0.971869 0.184149 -0.146830
vn 0.640483 -0.034133 -0.767213
vn -0.076112 -0.322757 -0.943417
vn -0.734364 -0.426217 -0.528250
vn -0.897558 -0.389694 -0.206226
vn 0.448571 -0.252291 -0.857399
vn -0.176972 -0.373434 -0.910620
vn -0.080439 -0.346350 -0.934651
vn 0.519090 -0.207499 -0.829150
vn 0.903066 -0.068601 -0.423989
vn 0.900724 -0.115435 -0.418773
vn 0.907546 0.093878 0.409324
vn 0.895588 0.065113 0.440093
vn 0.729073 0.121216 0.673617
vn 0.717150 0.155223 0.679413
vn 0.475789 0.167180 0.863526
vn 0.404032 0.155059 0.901507
vn 0.033423 0.049027 0.998238
vn -0.318227 0.082255 0.944439
vn -0.329220 -0.143091 0.933348
vn -0.923004 -0.309789 -0.228243
vn -0.932460 -0.169094 0.319257
vn -0.905365 -0.177681 0.385674
vn -0.789642 -0.387464 -0.475749
vn -0.001315 -0.539968 0.841685
vn 0.000220 -0.989241 0.146297
vn -0.291274 -0.953846 0.073061
vn 0.513337 -0.486976 0.706640
vn 0.553080 -0.432895 0.711832
vn -0.544814 -0.690555 -0.475722
vn -0.404892 -0.419939 -0.812227
vn -0.932648 -0.191456 0.305799
vn -0.703856 -0.019291 0.710080
vn -0.214204 0.181624 0.959755
vn 0.202507 0.219538 0.954355
vn 0.734033 0.139885 0.664551
vn 0.812910 0.081565 0.576649
vn 0.363397 0.023074 0.931349
vn 0.888652 0.060318 -0.454599
vn 0.539607 -0.102421 -0.835664
vn 0.869493 0.175362 0.461769
vn 0.432661 0.208466 0.877124
vn 0.644541 0.225315 0.730616
vn 0.048524 -0.614593 -0.787350
vn 0.012944 -0.950888 -0.309264
vn -0.963038 -0.143477 0.227974
vn 0.744585 0.142784 0.652078
vn 0.838378 0.077930 0.539491
vn 0.244291 0.191166 0.950672
vn -0.787735 -0.025820 0.615473
vn 0.860019 -0.014264 0.510063
vn 0.805282 0.055500 0.590288
vn 0.758745 -0.205133 0.618245
vn 0.804538 -0.236471 0.544794
vn 0.259438 -0.014453 0.965652
vn 0.358335 -0.418774 0.834401
vn -0.883411 -0.042391 0.466678
vn -0.957586 -0.100379 0.270097
vn -0.956769 -0.135972 0.257109
vn -0.841618 -0.181973 0.508492
vn 0.487855 -0.472774 0.733813
vn -0.311447 0.142340 0.939543
vn -0.333159 -0.044765 0.941808
vn -0.396805 -0.366649 0.841495
vn -0.600473 -0.407475 0.688038
vn -0.571033 -0.381554 0.726869
vn 0.473094 -0.374491 0.797457
vn 0.827720 -0.140687 0.543219
vn -0.974101 -0.110059 0.197521
vn 0.382352 -0.236642 0.893201
vn 0.511288 -0.257156 0.820034
vn 0.501233 -0.173448 0.847751
vn 0.450742 -0.171396 0.876045
vn 0.526793 -0.304328 0.793646
vn 0.487090 -0.219565 0.845302
vn 0.532534 -0.164927 0.830185
vn 0.578225 -0.189037 0.793675
vn -0.263569 0.027262 -0.964255
vn -0.000000 0.121555 0.992585
vn 0.083201 0.113208 0.990082
vn -0.146370 0.019458 0.989039
vn -0.083009 0.113212 0.990097
vn -0.138468 -0.028428 0.989959
vn 0.115437 -0.015588 0.993193
vn -0.024871 -0.011517 0.999624
vn 0.135580 0.036509 0.990093
vn 0.326070 -0.942594 0.072074
vn -0.454492 -0.481604 0.749330
vn 0.560243 -0.693757 -0.452580
vn 0.414822 -0.415834 -0.809323
vn 0.201579 -0.192035 -0.960463
vn -0.373848 0.015863 0.927354
vn -0.358795 -0.069142 0.930852
vn -0.446217 -0.231433 0.864482
vn -0.621882 -0.304818 0.721352
vn -0.419981 -0.116275 0.900053
vn -0.578404 -0.114926 0.807614
vn -0.573269 0.002820 0.819362
vn -0.542068 -0.166587 0.823657
vn -0.691187 0.006255 0.722649
vn -0.692309 -0.207248 0.691199
vn -0.323502 -0.093839 0.941563
vn -0.610131 -0.147838 0.778386
vn -0.330893 0.248180 0.910449
vn -0.593225 0.322024 0.737825
vn 0.000000 1.000000 -0.000001
vn -0.000000 1.000000 -0.000001
vn -0.000000 1.000000 -0.000001
vn 0.000000 1.000000 -0.000001
vn -0.000000 1.000000 0.000000
vn -0.000000 1.000000 -0.000000
vn 0.000003 1.000000 0.000004
vn 0.000003 1.000000 0.000004
vn 0.000001 1.000000 0.000004
vn 0.000001 1.000000 0.000004
vn -0.000000 1.000000 0.000003
vn -0.000000 1.000000 0.000003
vn 0.000001 1.000000 0.000004
vn 0.000001 1.000000 0.000004
vn 0.000001 1.000000 0.000004
vn 0.000001 1.000000 0.000004
vn 0.000001 1.000000 0.000001
vn 0.000001 1.000000 0.000001
vn 0.000001 1.000000 0.000000
vn 0.000001 1.000000 0.000000
vn 0.000000 1.000000 0.000000
vn 0.000000 1.000000 0.000000
vn 0.000000 1.000000 0.000003
vn -0.000001 1.000000 0.000006
vn -0.000001 1.000000 0.000006
vn 0.000000 1.000000 0.000003
vn -0.000003 1.000000 0.000007
vn -0.000003 1.000000 0.000007
vn 0.000000 1.000000 0.000003
vn 0.000000 1.000000 0.000003
vn 0.000000 1.000000 0.000000
vn 0.000000 1.000000 0.000000
vn -0.000001 1.000000 -0.000001
vn -0.000001 1.000000 -0.000001
vn -0.000001 1.000000 -0.000000
vn -0.000001 1.000000 -0.000000
vn -0.000001 1.000000 0.000003
vn -0.000001 1.000000 0.000003
vn -0.000001 1.000000 0.000004
vn -0.000001 1.000000 0.000004
vn 0.203677 -0.000003 0.979038
vn 0.203677 -0.000003 0.979038
vn 0.203677 -0.000003 0.979038
vn 0.203677 -0.000003 0.979038
vn 0.495648 -0.000003 0.868523
vn 0.495648 -0.000003 0.868523
vn 0.495648 -0.000003 0.868523
vn 0.495648 -0.000003 0.868523
vn 0.827704 -0.000002 0.561165
vn 0.827704 -0.000002 0.561165
vn 0.827704 -0.000002 0.561165
vn 0.827704 -0.000002 0.561165
vn 0.936086 -0.000001 0.351770
vn 0.936087 -0.000001 0.351770
vn 0.936086 -0.000001 0.351770
vn 0.936087 -0.000001 0.351770
vn 0.992781 -0.000001 0.119938
vn 0.992781 -0.000001 0.119938
vn 0.992781 -0.000001 0.119938
vn 0.992781 -0.000001 0.119938
vn 0.993109 0.000000 -0.117194
vn 0.993109 0.000000 -0.117194
vn 0.993109 0.000000 -0.117194
vn 0.993109 0.000000 -0.117194
vn 0.953134 0.000001 -0.302548
vn 0.953134 0.000001 -0.302548
vn 0.953134 0.000001 -0.302548
vn 0.953134 0.000001 -0.302548
vn 0.822817 0.000001 -0.568307
vn 0.822817 0.000001 -0.568307
vn 0.822817 0.000001 -0.568307
vn 0.822817 0.000001 -0.568307
vn 0.535868 0.000003 -0.844302
vn 0.535868 0.000003 -0.844302
vn 0.535868 0.000003 -0.844302
vn 0.535868 0.000003 -0.844302
vn 0.180459 0.000003 -0.983583
vn 0.180459 0.000003 -0.983583
vn 0.180459 0.000003 -0.983583
vn 0.180459 0.000003 -0.983583
vn -0.992781 -0.000000 0.119939
vn -0.992781 -0.000000 0.119939
vn -0.992781 -0.000000 0.119939
vn -0.992781 -0.000000 0.119939
vn -0.936088 -0.000001 0.351766
vn -0.936088 -0.000001 0.351765
vn -0.936088 -0.000001 0.351765
vn -0.936088 -0.000001 0.351765
vn -0.827703 -0.000001 0.561166
vn -0.827703 -0.000001 0.561166
vn -0.827703 -0.000001 0.561166
vn -0.827703 -0.000001 0.561166
vn -0.495647 -0.000003 0.868524
vn -0.495647 -0.000003 0.868524
vn -0.495647 -0.000003 0.868524
vn -0.495647 -0.000003 0.868524
vn -0.203677 -0.000003 0.979038
vn -0.203677 -0.000003 0.979038
vn -0.203677 -0.000003 0.979038
vn -0.203677 -0.000003 0.979038
vn -0.180459 0.000003 -0.983583
vn -0.180459 0.000003 -0.983583
vn -0.180459 0.000003 -0.983583
vn -0.180459 0.000003 -0.983583
vn -0.535866 0.000002 -0.844303
vn -0.535866 0.000002 -0.844303
vn -0.535866 0.000002 -0.844303
vn -0.535866 0.000002 -0.844303
vn -0.822812 0.000001 -0.568313
vn -0.822812 0.000001 -0.568313
vn -0.822812 0.000001 -0.568313
vn -0.822812 0.000001 -0.568313
vn -0.953135 0.000001 -0.302545
vn -0.953135 0.000001 -0.302544
vn -0.953135 0.000001 -0.302545
vn -0.953135 0.000001 -0.302545
vn -0.993109 0.000001 -0.117194
vn -0.993109 0.000001 -0.117194
vn -0.993109 0.000001 -0.117194
vn -0.993109 0.000001 -0.117194
vn -0.615193 0.162764 -0.771392
vn -0.874829 0.250405 -0.414695
vn -0.844307 0.272562 0.461363
vn -0.636256 0.209364 0.742526
vn -0.526601 0.059721 0.848013
vn 0.516629 -0.394326 0.760001
vn 0.470463 -0.397902 0.787616
vn 0.946194 -0.264651 0.186216
vn 0.953772 -0.221220 0.203422
vn 0.956494 -0.141972 -0.254879
vn 0.967825 -0.064107 -0.243319
vn 0.451736 0.093115 -0.887279
vn 0.508522 0.171893 -0.843717
vn -0.444005 0.181144 -0.877523
vn -0.447124 0.275311 -0.851049
vn -0.843474 0.115320 -0.524646
vn -0.844035 0.210416 -0.493285
vn -0.978059 0.009348 0.208116
vn -0.850008 -0.067606 0.522414
vn -0.833045 -0.082657 0.546996
vn -0.968429 0.020705 0.248427
vn -0.573785 -0.208950 0.791903
vn -0.545399 -0.234820 0.804611
vn 0.003360 0.984643 0.174549
vn 0.003360 0.984643 0.174549
vn 0.003605 0.984510 0.175290
vn 0.003682 0.984469 0.175520
vn 0.001826 0.984340 0.176273
vn 0.002290 0.984338 0.176279
vn 0.001469 0.983741 0.179590
vn 0.001490 0.983730 0.179648
vn 0.005528 0.983491 0.180871
vn 0.006041 0.983592 0.180309
vn 0.006623 0.983973 0.178193
vn 0.006658 0.983972 0.178199
vn 0.002888 0.984148 0.177327
vn 0.003373 0.984545 0.175100
vn 0.003373 0.984548 0.175083
vn 0.002890 0.984148 0.177326
vn 0.003360 0.984643 0.174549
vn 0.003360 0.984643 0.174549
vn 0.474158 -0.426281 0.770363
vn 0.560651 -0.153517 0.813697
vn 0.981531 -0.096636 0.165103
vn 0.931481 -0.290082 0.219533
vn 0.973996 -0.027943 -0.224834
vn 0.947420 -0.186149 -0.260275
vn 0.483849 0.061056 -0.873019
vn 0.511654 -0.076345 -0.855793
vn -0.497846 0.099025 -0.861593
vn -0.433961 0.034929 -0.900254
vn -0.866432 0.063355 -0.495259
vn -0.845312 0.030317 -0.533412
vn -0.910981 -0.043346 0.410164
vn -0.809623 -0.201008 0.551458
vn -0.998145 -0.058383 -0.017269
vn -0.593161 -0.048779 0.803605
vn -0.440586 -0.337657 0.831788
vn 0.095142 0.933063 0.346903
vn 0.296507 0.932629 0.205639
vn 0.809704 0.586317 0.024739
vn 0.676474 0.722087 0.144823
vn 0.962363 0.262633 0.069869
vn 0.976609 0.172683 -0.128120
vn -0.570773 0.806879 0.152199
vn -0.670931 0.740765 0.033439
vn -0.367572 0.850621 0.375946
vn -0.166084 0.929885 0.328222
vn -0.902034 0.114915 -0.416088
vn -0.997372 0.066195 0.029441
vn -0.997053 0.064218 0.041973
vn -0.647765 -0.215059 0.730856
vn 0.910033 0.287761 0.298384
vn 0.019306 -0.999807 -0.003701
vn 0.011036 -0.999935 -0.002746
vn 0.009903 -0.999936 -0.005547
vn 0.009901 -0.999936 -0.005573
vn 0.008654 -0.999960 -0.002313
vn 0.010004 -0.999940 -0.004406
vn 0.489896 0.236718 -0.839027
vn -0.477364 0.190184 -0.857877
vn 0.013729 -0.999906 -0.000359
vn 0.010066 -0.999949 0.000019
vn 0.009275 -0.999957 0.000034
vn 0.006714 -0.999977 -0.000208
vn 0.997730 0.017322 0.065078
vn 0.998634 0.018094 0.049024
vn 0.999613 0.026683 -0.007837
vn 0.999515 0.026690 -0.016041
vn 0.493833 -0.001485 0.869555
vn 0.493510 -0.001484 0.869739
vn -0.466124 -0.014051 0.884608
vn -0.465887 -0.014044 0.884733
vn -0.983841 -0.005536 0.178959
vn -0.987503 -0.004699 0.157529
vn -0.998605 0.003342 -0.052695
vn -0.997807 0.003990 -0.066071
vn -0.998584 0.003361 -0.053092
vn -0.928389 0.003591 -0.371592
vn -0.923476 0.003717 -0.383639
vn -0.999610 -0.000571 0.027907
vn -0.508885 0.002953 -0.860829
vn -0.509536 0.002957 -0.860444
vn 0.534163 0.012942 -0.845283
vn 0.534823 0.012958 -0.844865
vn 0.996683 0.025546 -0.077274
vn 0.996395 0.025524 -0.080911
vn -0.113484 -0.239597 -0.964217
vn 0.857919 0.510439 0.058543
vn 0.947545 0.255499 0.192038
vn 0.611563 0.619206 0.492519
vn 0.331227 0.735335 0.591245
vn 0.947545 0.255499 0.192038
vn -0.549658 0.657271 0.515627
vn -0.451621 0.699867 0.553375
vn -0.937844 0.286921 0.195255
vn -0.991484 0.119511 0.051736
vn -0.991484 0.119511 0.051736
vn -0.879742 0.384246 0.280017
vn 0.278893 0.666431 0.691440
vn -0.889868 0.266572 0.370235
vn -0.478237 0.570503 0.667695
vn 0.288572 0.916182 0.278096
vn -0.658372 0.750419 0.058461
vn -0.323607 0.914777 0.241787
vn -0.704286 0.709913 -0.002102
vn -0.878710 -0.313389 -0.360079
vn -0.878710 -0.313389 -0.360079
vn -0.878710 -0.313389 -0.360079
vn -0.878709 -0.313389 -0.360079
vn 0.656353 -0.699881 0.281723
vn 0.245138 -0.705597 0.664861
vn 0.237373 -0.703744 0.669625
vn -0.244160 0.703910 -0.667006
vn -0.256008 0.706673 -0.659601
vn -0.673935 0.692614 -0.257096
vn -0.155124 -0.731503 0.663958
vn -0.151516 -0.729461 0.667031
vn 0.141640 0.724458 -0.674610
vn 0.143079 0.725267 -0.673437
vn -0.205782 -0.855178 0.475735
vn -0.204421 -0.856758 0.473474
vn -0.136441 -0.923296 0.359038
vn -0.136441 -0.923296 0.359038
vn 0.128691 0.908093 -0.398504
vn 0.128691 0.908093 -0.398504
vn 0.197012 0.839045 -0.507139
vn 0.196945 0.839125 -0.507033
vn 0.027669 0.638039 -0.769507
vn 0.027669 0.638039 -0.769507
vn 0.027669 0.638039 -0.769507
vn -0.040356 -0.765886 0.641709
vn -0.040356 -0.765886 0.641709
vn -0.040356 -0.765886 0.641709
vn 0.009617 -0.999946 -0.004038
vn 0.009617 -0.999946 -0.004038
vn 0.009617 -0.999946 -0.004038
vn 0.001992 -0.999950 -0.009800
vn 0.001992 -0.999950 -0.009800
vn 0.001992 -0.999950 -0.009800
vn 0.431209 -0.286610 -0.855519
vn -0.537216 -0.206338 -0.817816
vn -0.536424 -0.233727 -0.810938
vn 0.364678 -0.326521 -0.872006
vn -0.937650 -0.109799 -0.329783
vn -0.920249 -0.144112 -0.363832
vn 0.940181 -0.302495 -0.156708
vn 0.968986 -0.227410 -0.096694
vn -0.931072 0.014164 0.364561
vn -0.930870 0.003323 0.365335
vn -0.852992 0.370027 -0.368083
vn -0.945047 0.013542 0.326654
vn -0.414031 0.473915 -0.777164
vn 0.454256 0.391903 -0.800040
vn 0.977409 0.079561 -0.195812
vn -0.608350 0.225731 -0.760892
vn 0.682180 0.001494 -0.731183
vn 0.613582 0.348558 -0.708537
vn -0.470472 0.511559 -0.719002
vn -0.902131 0.326725 -0.281800
vn -0.949260 0.162677 -0.269151
vn 0.993913 -0.088225 -0.065973
vn 0.992525 0.012442 -0.121409
vn -0.950204 -0.006362 0.311562
vn -0.951750 0.015835 0.306466
vn -0.451175 -0.245980 -0.857867
vn -0.531086 -0.203382 -0.822547
vn 0.091026 -0.351364 -0.931804
vn 0.171734 -0.371850 -0.912269
vn -0.902132 -0.106537 -0.418101
vn -0.904326 -0.059495 -0.422675
vn -0.894702 0.070600 0.441049
vn -0.906159 0.101038 0.410692
vn -0.727430 0.124873 0.674724
vn -0.714801 0.159845 0.680815
vn -0.402607 0.155564 0.902057
vn -0.474149 0.169110 0.864051
vn 0.318904 0.079247 0.944468
vn -0.043008 0.050166 0.997814
vn 0.322813 -0.147373 0.934919
vn 0.921561 -0.313297 -0.229284
vn 0.783977 -0.402576 -0.472560
vn 0.907896 -0.195119 0.371018
vn 0.932737 -0.172494 0.316619
vn -0.509067 -0.460824 0.726975
vn 0.931804 -0.196773 0.304994
vn 0.702477 -0.024747 0.711276
vn -0.200883 0.218497 0.954937
vn 0.216401 0.177540 0.960026
vn -0.812490 0.085466 0.576677
vn -0.732789 0.143403 0.665173
vn -0.377074 0.029977 0.925698
vn -0.551638 -0.092511 -0.828937
vn -0.887115 0.064360 -0.457040
vn -0.867710 0.180516 0.463135
vn -0.641121 0.229106 0.732444
vn -0.431097 0.207683 0.878079
vn 0.961533 -0.144736 0.233465
vn -0.841846 0.078992 0.533906
vn -0.748716 0.144784 0.646886
vn -0.249996 0.191110 0.949199
vn 0.796442 -0.029048 0.604017
vn -0.875382 -0.021716 0.482943
vn -0.807620 -0.234231 0.541189
vn -0.722422 -0.276897 0.633589
vn -0.813307 0.039555 0.580488
vn -0.341901 -0.422066 0.839621
vn -0.264225 0.011633 0.964391
vn 0.884979 -0.067177 0.460759
vn 0.811017 -0.238547 0.534179
vn 0.960215 -0.146180 0.237946
vn 0.963516 -0.110955 0.243569
vn -0.489147 -0.469426 0.735102
vn 0.318429 0.138654 0.937752
vn 0.332077 -0.025379 0.942911
vn 0.378891 -0.374600 0.846237
vn 0.597337 -0.411640 0.688288
vn -0.475330 -0.369398 0.798503
vn 0.569054 -0.384465 0.726887
vn -0.828831 -0.132967 0.543470
vn 0.973332 -0.116285 0.197746
vn 0.644659 -0.666794 -0.373898
vn 0.832891 -0.420746 -0.359534
vn -0.632718 -0.290567 0.717801
vn -0.812983 -0.530408 0.240261
vn -0.914486 0.301773 0.269535
vn -0.821999 0.221681 -0.524571
vn -0.930458 0.138103 -0.339375
vn -0.938368 0.197705 0.283512
vn -0.432458 0.235139 0.870454
vn -0.350394 0.376974 0.857388
vn 0.756194 -0.535747 -0.375696
vn -0.809995 -0.528654 -0.253835
vn -0.252937 -0.803225 -0.539308
vn 0.286539 -0.034915 -0.957432
vn 0.674442 -0.304196 -0.672750
vn -0.243289 0.059300 -0.968140
vn 0.685304 0.402536 -0.606897
vn 0.753864 -0.033704 -0.656166
vn 0.914943 0.200736 -0.350121
vn -0.374001 0.197466 0.906163
vn -0.903237 0.051259 0.426070
vn 0.682782 -0.444012 -0.580226
vn 0.982801 -0.184500 0.007859
vn 0.666319 0.744248 -0.045981
vn -0.990772 -0.039753 -0.129577
vn -0.330823 -0.359092 -0.872702
vn 0.086732 -0.484819 -0.870303
vn -0.275694 0.110273 -0.954899
vn -0.335615 0.421819 -0.842277
vn -0.686012 0.723855 -0.073634
vn -0.655262 0.705289 0.270553
vn -0.382622 0.535704 0.752743
vn -0.329600 0.148324 0.932397
vn -0.614170 0.610934 -0.499554
vn -0.031526 -0.362987 0.931261
vn 0.457599 -0.885209 0.083719
vn 0.278434 -0.569365 -0.773498
vn 0.145795 -0.281614 0.948387
vn 0.253403 -0.164606 0.953254
vn 0.925757 -0.342514 0.160183
vn 0.840385 -0.490685 0.230175
vn -0.466214 0.029908 0.884166
vn -0.456781 0.095161 0.884475
vn -0.912897 0.336880 -0.230500
vn -0.906190 0.350019 -0.237291
vn -0.864137 0.296559 0.406596
vn -0.884876 0.259237 0.387029
vn 0.815347 -0.266146 -0.514174
vn 0.692770 -0.362430 -0.623470
vn -0.000562 -0.036726 -0.999325
vn 0.001800 -0.009616 -0.999952
vn -0.632316 0.233760 -0.738602
vn -0.597140 0.237613 -0.766136
vn 0.423734 -0.105998 0.899563
vn 0.942223 -0.277481 0.187672
vn -0.382368 0.195580 0.903075
vn -0.879610 0.372724 -0.295572
vn -0.812269 0.357508 0.460876
vn 0.889587 -0.216108 -0.402408
vn -0.646213 0.319925 -0.692862
vn 0.387190 -0.168876 0.906402
vn 0.403187 -0.179124 0.897416
vn 0.711812 -0.280933 0.643739
vn 0.897467 -0.356214 0.260124
vn -0.378993 0.099291 0.920057
vn -0.373550 0.089471 0.923285
vn -0.948417 0.232638 -0.215373
vn -0.952252 0.205235 -0.226040
vn -0.851439 0.220425 0.475883
vn -0.844192 0.233240 0.482638
vn 0.903859 -0.397411 -0.158444
vn 0.791646 -0.409313 -0.453606
vn 0.815947 -0.373830 -0.441002
vn 0.059239 -0.228994 -0.971624
vn 0.089324 -0.207044 -0.974245
vn -0.624958 0.041057 -0.779578
vn -0.643406 0.086299 -0.760645
vn -0.505122 0.039557 -0.862141
vn -0.504964 0.039524 -0.862235
vn 0.240885 -0.098377 -0.965555
vn 0.241049 -0.098403 -0.965512
vn 0.845754 -0.177976 -0.503016
vn 0.845830 -0.177982 -0.502886
vn 0.954897 -0.153821 0.253991
vn 0.954897 -0.153821 0.253991
vn 0.504634 -0.040345 0.862390
vn 0.504614 -0.040341 0.862402
vn -0.241266 0.096761 0.965623
vn -0.241239 0.096756 0.965630
vn -0.845804 0.177166 0.503217
vn -0.845810 0.177166 0.503207
vn -0.954901 0.153790 -0.253993
vn -0.954899 0.153789 -0.254000
vn -0.173079 -0.983354 0.055297
vn -0.173079 -0.983354 0.055297
vn -0.173077 -0.983355 0.055302
vn -0.173077 -0.983355 0.055302
vn -0.173106 -0.983350 0.055296
vn -0.173106 -0.983350 0.055296
vn -0.173103 -0.983350 0.055293
vn -0.173103 -0.983350 0.055293
vn -0.173121 -0.983349 0.055267
vn -0.173121 -0.983349 0.055267
vn -0.173099 -0.983353 0.055254
vn -0.173099 -0.983353 0.055254
vn -0.173081 -0.983354 0.055305
vn -0.173081 -0.983354 0.055305
vn -0.173104 -0.983348 0.055325
vn -0.173104 -0.983348 0.055325
vn 0.172891 0.983454 -0.054096
vn 0.172891 0.983454 -0.054097
vn 0.172507 0.983584 -0.052953
vn 0.172507 0.983584 -0.052953
vn 0.172711 0.983484 -0.054141
vn 0.172710 0.983484 -0.054139
vn 0.173111 0.983349 -0.055292
vn 0.173111 0.983349 -0.055292
vn 0.173097 0.983351 -0.055299
vn 0.173097 0.983351 -0.055299
vn 0.173091 0.983353 -0.055287
vn 0.173091 0.983353 -0.055287
vn 0.173085 0.983354 -0.055291
vn 0.173085 0.983354 -0.055291
vn 0.173076 0.983355 -0.055301
vn 0.173076 0.983355 -0.055301
vn 0.068153 -0.026113 -0.997333
vn 0.412085 -0.146963 -0.899215
vn 0.525295 0.018946 -0.850709
vn 0.090320 0.225424 -0.970065
vn -0.219304 0.051323 -0.974306
vn -0.213184 0.274273 -0.937724
vn 0.073779 0.144120 -0.986806
vn 0.582325 -0.033633 -0.812260
vn -0.293089 0.253786 -0.921787
vn -0.950465 -0.009989 0.310671
vn -0.687052 0.037856 0.725622
vn -0.690113 0.038034 0.722702
vn -0.960627 -0.014203 0.277477
vn -0.622639 -0.066549 -0.779674
vn -0.977154 -0.059986 -0.203892
vn -0.977341 -0.061188 -0.202634
vn -0.620982 -0.067242 -0.780935
vn 0.919961 -0.205278 -0.333965
vn 0.940249 -0.093579 -0.327375
vn 0.974083 -0.063738 -0.217024
vn 0.968900 -0.147270 -0.198859
vn -0.193703 -0.134215 -0.971836
vn -0.199753 -0.093337 -0.975391
vn 0.980465 -0.022615 -0.195389
vn 0.940024 -0.052844 -0.336991
vn 0.945162 -0.063391 -0.320391
vn 0.982591 -0.025491 -0.184025
vn -0.724471 -0.006923 0.689270
vn -0.720317 -0.010562 0.693564
vn -0.969106 -0.108888 0.221308
vn -0.939699 -0.080524 0.332389
vn -0.978708 -0.151114 -0.138904
vn -0.980800 -0.159409 -0.112338
vn -0.614516 -0.132658 -0.777671
vn -0.624696 -0.134759 -0.769153
vn -0.119102 -0.149354 -0.981584
vn -0.191862 -0.132135 -0.972486
vn -0.952845 -0.083238 0.291817
vn -0.928926 -0.084958 0.360387
vn -0.689767 -0.019056 0.723781
vn -0.695143 -0.009458 0.718809
vn -0.977731 -0.136924 -0.159039
vn -0.977215 -0.149409 -0.150757
vn -0.955885 -0.173110 0.237314
vn -0.710995 -0.061269 0.700523
vn -0.969109 -0.214408 -0.121892
vn 0.858474 0.465394 0.215478
vn 0.983625 0.180189 -0.003774
vn 0.625902 -0.291527 -0.723366
vn 0.997945 0.062722 -0.013081
vn 0.348425 0.377147 0.858114
vn 0.254624 0.250394 0.934061
vn 0.299661 0.624177 0.721530
vn 0.312181 0.247312 0.917268
vn 0.568212 -0.380669 0.729538
vn 0.143565 -0.337890 0.930172
vn -0.461224 -0.634338 -0.620393
vn -0.034615 -0.636161 -0.770780
vn 0.600865 -0.628009 -0.494536
vn 0.620360 0.263627 0.738685
vn 0.598875 0.257923 0.758172
vn 0.811776 0.053759 0.581489
vn 0.811776 0.053759 0.581489
vn 0.811776 0.053759 0.581489
vn 0.811776 0.053759 0.581489
vn 0.091862 0.993330 -0.069695
vn 0.091862 0.993330 -0.069695
vn 0.091862 0.993330 -0.069695
vn 0.091862 0.993330 -0.069695
vn 0.740777 -0.241194 -0.626957
vn 0.991807 -0.117268 0.050677
vn -0.897972 -0.186257 0.398691
vn -0.981885 -0.187020 -0.030437
vn 0.736631 0.141226 0.661385
vn 0.652599 0.173086 0.737669
vn 0.647183 0.089997 0.757004
vn 0.734325 0.140602 0.664077
vn 0.992140 -0.006442 -0.124967
vn 0.740680 -0.170250 -0.649929
vn 0.834419 -0.327199 -0.443494
vn 0.992726 -0.119464 -0.014926
vn -0.276059 -0.278138 -0.920017
vn -0.191131 -0.678107 -0.709676
vn 0.397835 0.160342 0.903337
vn 0.354384 0.028288 0.934672
vn -0.645837 -0.242149 -0.724057
vn -0.246228 -0.723096 -0.645371
vn -0.982758 -0.175475 -0.058270
vn -0.420072 -0.902604 0.094051
vn -0.097126 -0.711883 0.695549
vn -0.961987 -0.091307 0.257378
vn 0.591976 0.235224 0.770866
vn -0.515339 -0.149929 0.843770
vn -0.528632 -0.121182 0.840157
vn -0.073618 0.051490 0.995956
vn -0.081688 0.051546 0.995324
vn -0.150113 0.053789 0.987205
vn -0.169914 0.053275 0.984018
vn 0.296987 0.050028 0.953570
vn 0.285260 0.017489 0.958291
vn 0.116183 -0.138150 0.983573
vn 0.273357 0.023709 0.961621
vn 0.216194 0.187735 0.958131
vn 0.239550 0.090014 0.966703
vn 0.925910 -0.199816 0.320569
vn 0.955439 -0.109519 0.274122
vn 0.847478 -0.139246 -0.512241
vn 0.782466 -0.277999 -0.557193
vn 0.966322 -0.011540 0.257078
vn 0.854398 -0.085990 -0.512455
vn 0.865119 -0.110667 -0.489206
vn 0.976128 -0.032377 0.214769
vn 0.928783 -0.305727 0.209508
vn 0.251202 0.042565 0.966998
vn -0.328490 -0.556566 -0.763105
vn 0.008289 -0.532592 -0.846332
vn 0.757614 -0.105708 -0.644086
vn 0.994990 0.015904 -0.098699
vn 0.996779 -0.021014 -0.077400
vn 0.760645 -0.137097 -0.634527
vn 0.780397 0.088778 0.618949
vn 0.775761 0.119716 0.619567
vn 0.520866 0.142455 0.841668
vn 0.539962 0.090770 0.836781
vn -0.288388 -0.242369 -0.926331
vn -0.111760 -0.228723 -0.967055
vn -0.673637 -0.208037 -0.709178
vn -0.576348 -0.202316 -0.791764
vn -0.993746 -0.102083 -0.045261
vn -0.992355 -0.114687 -0.045590
vn -0.967233 -0.053854 0.248112
vn -0.943494 -0.073259 0.323192
vn 0.331815 0.063412 0.941211
vn 0.313071 0.162217 0.935774
vn -0.633710 0.048636 0.772041
vn -0.622902 -0.021209 0.782012
vn 0.154856 0.091761 0.983666
vn 0.564369 0.123059 0.816299
vn 0.096159 0.122299 0.987824
vn 0.071738 0.063398 0.995407
vn 0.599826 0.086131 0.795481
vn 0.602158 0.115784 0.789937
vn -0.954161 0.061250 0.292959
vn -0.640794 0.092244 0.762151
vn -0.961625 0.018701 -0.273728
vn -0.963332 0.031788 -0.266423
vn -0.592943 -0.023766 -0.804894
vn -0.593717 -0.023432 -0.804333
vn -0.965481 0.032422 -0.258448
vn -0.953497 0.070880 0.292949
vn -0.954076 0.070308 0.291197
vn -0.605404 0.101388 0.789434
vn -0.605410 0.098377 0.789811
vn 0.018927 0.123757 0.992132
vn 0.041108 0.118122 0.992148
vn -0.233128 -0.098709 -0.967423
vn 0.795277 -0.398140 -0.457186
vn 0.957144 -0.214746 -0.194320
vn -0.142853 -0.106624 -0.983984
vn 0.769231 -0.503073 -0.393956
vn 0.887111 -0.304782 -0.346615
vn 0.412447 -0.576370 -0.705468
vn 0.704052 -0.378545 -0.600844
vn 0.750984 -0.485004 0.448101
vn 0.913014 -0.244711 0.326377
vn 0.358971 0.029827 0.932872
vn 0.258949 -0.016546 0.965749
vn -0.940504 0.037358 -0.337722
vn -0.953503 0.085152 0.289105
vn -0.541605 0.128693 0.830724
vn -0.638470 0.103787 0.762617
vn -0.954161 0.073902 0.290025
vn -0.959782 0.028121 -0.279335
vn -0.274074 -0.051725 0.960317
vn -0.205130 -0.105664 -0.973014
vn -0.930678 0.343069 -0.127050
vn -0.872187 0.306608 0.381157
vn -0.716353 0.243085 -0.654024
vn -0.959179 0.227343 -0.168199
vn -0.905194 0.179547 0.385209
vn -0.730502 0.141077 -0.668179
vn -0.431717 -0.024160 0.901685
vn -0.088312 -0.167854 -0.981848
vn -0.909400 0.218123 0.354140
vn -0.593820 0.179440 -0.784333
vn -0.936073 0.279352 -0.213846
vn 0.444171 -0.207702 0.871534
vn 0.736962 -0.302046 0.604695
vn -0.288928 0.041824 0.956437
vn -0.846084 0.209547 0.490134
vn -0.952114 0.190945 -0.238787
vn -0.564764 -0.030543 -0.824687
vn 0.163198 -0.324611 -0.931662
vn 0.778166 -0.432305 -0.455599
vn 0.910211 -0.396507 -0.119577
vn 0.001608 -0.592312 -0.805707
vn 0.001608 -0.592312 -0.805707
vn 0.001608 -0.592312 -0.805707
vn 0.001608 -0.592312 -0.805707
vn -0.002243 -0.283244 0.959045
vn -0.002243 -0.283244 0.959045
vn -0.002243 -0.283244 0.959045
vn -0.002243 -0.283244 0.959045
vn 0.002242 -0.283244 0.959045
vn 0.002242 -0.283244 0.959045
vn 0.002242 -0.283244 0.959045
vn 0.002242 -0.283244 0.959045
vn -0.001608 -0.592312 -0.805707
vn -0.001608 -0.592312 -0.805707
vn -0.001608 -0.592312 -0.805707
vn -0.001608 -0.592312 -0.805707
vn -0.621867 -0.648194 0.439460
vn -0.621867 -0.648194 0.439460
vn -0.621867 -0.648194 0.439460
vn -0.621867 -0.648194 0.439460
vn 0.621873 -0.648190 0.439459
vn 0.621873 -0.648190 0.439459
vn 0.621873 -0.648190 0.439459
vn 0.621873 -0.648190 0.439459
vn -0.000352 -0.592322 -0.805702
vn -0.000352 -0.592322 -0.805702
vn -0.000352 -0.592322 -0.805702
vn -0.000352 -0.592322 -0.805702
vn 0.008110 -0.289774 0.957061
vn 0.008110 -0.289774 0.957061
vn 0.008110 -0.289774 0.957061
vn 0.008110 -0.289774 0.957061
vn -0.008110 -0.289774 0.957061
vn -0.008110 -0.289774 0.957061
vn -0.008110 -0.289774 0.957061
vn -0.008110 -0.289774 0.957061
vn 0.000352 -0.592322 -0.805702
vn 0.000352 -0.592322 -0.805702
vn 0.000352 -0.592322 -0.805702
vn 0.000352 -0.592322 -0.805701
vn 0.241410 -0.819830 0.519230
vn 0.241410 -0.819830 0.519230
vn 0.241410 -0.819830 0.519230
vn 0.241410 -0.819830 0.519230
vn -0.241413 -0.819830 0.519230
vn -0.241413 -0.819830 0.519230
vn -0.241413 -0.819830 0.519230
vn -0.241413 -0.819830 0.519230
vn 0.000000 1.000000 0.000002
vn 0.000000 1.000000 0.000002
vn -0.000004 1.000000 0.000003
vn -0.000004 1.000000 0.000003
vn 0.000007 1.000000 0.000003
vn 0.000007 1.000000 0.000003
vn -0.000000 1.000000 0.000004
vn -0.000000 1.000000 0.000002
vn -0.000000 1.000000 0.000002
vn -0.000007 1.000000 0.000003
vn -0.000007 1.000000 0.000003
vn 0.000004 1.000000 0.000003
vn 0.000004 1.000000 0.000003
vn 0.000000 1.000000 0.000000
vn 0.169160 -0.252992 -0.952565
vn 0.169160 -0.252992 -0.952565
vn 0.169160 -0.252992 -0.952565
vn -0.331620 -0.322041 -0.886746
vn -0.331620 -0.322041 -0.886746
vn -0.331620 -0.322041 -0.886746
vn 0.698327 -0.446239 -0.559651
vn 0.698327 -0.446239 -0.559651
vn 0.698327 -0.446239 -0.559651
vn -0.750293 -0.457451 -0.477282
vn -0.750293 -0.457451 -0.477282
vn -0.750293 -0.457451 -0.477282
vn 0.182299 0.269166 0.945683
vn 0.182299 0.269166 0.945683
vn 0.182299 0.269166 0.945683
vn 0.182299 0.269166 0.945683
vn -0.258161 0.303401 0.917224
vn -0.258161 0.303401 0.917225
vn -0.258161 0.303401 0.917225
vn -0.258161 0.303401 0.917225
vn -0.301956 -0.776526 -0.553019
vn -0.301956 -0.776526 -0.553019
vn -0.301956 -0.776526 -0.553019
vn -0.301956 -0.776526 -0.553019
vn 0.344619 -0.789421 -0.507989
vn 0.344619 -0.789421 -0.507989
vn 0.344619 -0.789421 -0.507989
vn 0.344619 -0.789421 -0.507989
s 1
g John_Obituary
usemtl lambert1SG
f 3/1590/1 18/1564/2 61/1565/3 62/2278/4
f 5/1626/5 20/1627/6 21/1572/7 7/1566/8
f 2/1534/9 57/1535/10 58/2279/11 4/2286/12
f 62/1556/4 63/1557/13 1/1558/14 3/1559/1
f 7/2285/8 10/1561/15 9/1560/16 5/1567/5
f 12/2280/17 11/1538/18 8/2284/19 6/1545/20
f 9/1579/16 19/1568/21 20/1580/6 5/1581/5
f 7/1566/8 21/1572/7 22/1573/22 13/1570/23
f 8/2284/19 11/1538/18 15/1548/24 14/1549/25
f 10/1561/15 7/2285/8 13/2282/23 16/1571/26
f 60/1584/27 61/1565/3 18/1564/2 25/1586/28
f 20/1580/6 19/1568/21 26/1582/29 27/1583/30
f 21/1572/7 20/1627/6 27/1628/30 28/1629/31
f 22/1573/22 21/1572/7 28/1629/31 29/1631/32
f 51/1574/33 50/1575/34 52/1594/35 53/1595/36
f 59/1540/37 60/1584/27 25/1586/28 32/1541/38
f 27/1583/30 26/1582/29 33/1546/39 34/1585/40
f 28/1629/31 27/1628/30 34/1630/40 35/1554/41
f 29/1631/32 28/1629/31 35/1554/41 36/1553/42
f 53/1595/36 52/1594/35 54/1555/43 55/1596/44
f 58/1536/11 59/1540/37 32/1541/38 4/1537/12
f 34/1585/40 33/1546/39 12/1539/17 6/1587/20
f 35/1554/41 34/1630/40 6/1632/20 8/1544/19
f 36/1553/42 35/1554/41 8/1544/19 14/2281/25
f 55/1552/44 14/1549/25 15/1548/24
f 17/1605/45 1/1597/14 40/1600/46 39/1604/47
f 1/1597/14 63/1598/13 64/1599/48 40/1600/46
f 10/1633/15 16/1634/26 42/1635/49 38/1636/50
f 16/1634/26 23/1637/51 41/1638/52 42/1635/49
f 23/1637/51 30/1641/53 43/1642/54 41/1638/52
f 24/1611/55 17/1605/45 39/1604/47 44/1608/56
f 30/1641/53 37/1645/57 45/1646/58 43/1642/54
f 31/1616/59 24/1611/55 44/1608/56 46/1614/60
f 37/1645/57 15/1649/24 48/1650/61 45/1646/58
f 15/1649/24 11/1652/18 47/1651/62 48/1650/61
f 56/1618/63 57/1624/10 2/1622/9 49/1619/64
f 2/1622/9 31/1616/59 46/1614/60 49/1619/64
f 13/1570/23 22/1573/22 50/1575/34
f 13/2282/23 51/2283/33 16/1571/26
f 22/1573/22 29/1631/32 52/1594/35 50/1575/34
f 30/1641/53 23/1637/51 51/1640/33 53/1644/36
f 29/1631/32 36/1553/42 54/1555/43 52/1594/35
f 37/1645/57 30/1641/53 53/1644/36 55/1648/44
f 36/1553/42 14/2281/25 54/1555/43
f 13/1570/23 50/1575/34 51/1574/33
f 23/1637/51 16/1634/26 51/1640/33
f 55/1596/44 54/1555/43 14/2281/25
f 15/1649/24 37/1645/57 55/1648/44
f 11/1625/18 57/1624/10 56/1618/63 47/1623/62
f 58/2279/11 57/1535/10 11/1538/18 12/2280/17
f 33/1546/39 59/1540/37 58/1536/11 12/1539/17
f 26/1582/29 60/1584/27 59/1540/37 33/1546/39
f 19/1568/21 61/1565/3 60/1584/27 26/1582/29
f 62/2278/4 61/1565/3 19/1568/21 9/1579/16
f 9/1560/16 10/1561/15 63/1557/13 62/1556/4
f 64/1599/48 63/1598/13 10/1601/15 38/1602/50
f 1/1597/14 17/1605/45 66/1609/65 65/1610/66
f 18/1564/2 3/1590/1 68/1591/67 67/1588/68
f 3/1559/1 1/1558/14 65/1562/69 68/1563/67
f 17/1605/45 24/1611/55 69/1615/70 66/1609/65
f 25/1586/28 18/1564/2 67/1588/68 70/1589/71
f 24/1611/55 31/1616/59 71/1577/72 69/1615/70
f 32/1541/38 25/1586/28 70/1589/71 72/1592/73
f 31/1616/59 2/1622/9 73/1653/74 71/1577/72
f 2/1534/9 4/2286/12 74/2276/75 73/1543/76
f 4/1537/12 32/1541/38 72/1592/73 74/1593/75
f 67/1654/68 68/1655/67 75/1656/77 76/1657/78
f 68/1563/67 65/1562/69 75/1569/77
f 73/1543/76 74/2276/75 78/2277/79
f 74/1542/75 72/1550/73 77/1551/80 78/1547/79
s 6
f 83/2054/81 84/2/82 85/3/83 880/4/84
f 82/5/85 89/6/86 88/7/87 80/8/88
f 90/9/89 89/6/86 82/5/85 79/10/90
f 95/2051/91 96/12/92 86/13/93 84/2/82 83/2054/81
f 92/2052/94 94/15/95 93/16/96
f 93/2029/96 87/2047/97 81/18/98 92/14/94
f 94/15/95 80/8/88 88/7/87
f 94/15/95 92/2052/94 80/8/88
f 92/14/94 81/18/98 103/19/99
f 79/10/90 82/5/85 98/1823/100 97/1821/101
f 105/1816/102 103/19/99 841/2044/103 101/24/104
f 82/5/85 80/8/88 99/1822/105 98/1823/100
f 80/8/88 100/1820/106 99/1822/105
f 104/1817/107 92/14/94 103/19/99 105/1816/102
f 100/1820/106 80/8/88 92/2052/94 104/2053/107
s 9
f 106/28/108 107/29/109 1076/30/110 1077/31/111
f 107/29/109 106/28/108 109/32/112 108/33/113
f 108/33/113 109/32/112 201/34/114 202/1726/115
f 110/36/116 111/37/117 1080/38/118 1081/39/119
f 113/40/120 114/1856/121 195/42/122 196/1721/123
f 115/44/124 116/45/125 1087/46/126 1088/47/127
f 117/48/128 118/1843/129 193/50/130 194/51/131
f 119/52/132 120/53/133 1083/54/134 1084/55/135
f 121/1734/136 122/57/137 125/58/138 126/1861/139
f 124/60/140 123/1731/141 127/1860/142 128/1857/143
f 978/64/144 979/1722/145 223/66/146 224/1848/147
f 1081/39/119 1082/1829/148 220/69/149 110/36/116
f 107/29/109 228/1833/150 1089/71/151 1076/30/110
f 129/72/152 130/73/153 137/74/154 138/75/155
f 132/76/156 131/77/157 140/78/158 139/79/159
f 218/1837/160 219/1836/161 134/82/162 141/83/163
f 134/82/162 133/84/164 142/85/165 141/83/163
f 136/86/166 135/87/167 144/88/168 143/89/169
f 135/87/167 229/90/170 230/1826/171 144/88/168
f 139/79/159 140/78/158 146/92/172 145/93/173
f 217/94/174 218/1837/160 141/83/163 147/95/175
f 141/83/163 142/85/165 148/96/176 147/95/175
f 265/97/177 266/98/178 976/99/179 977/100/180
f 156/101/181 155/102/182 163/1815/183 164/1809/184
f 155/102/182 157/105/185 165/1884/186 163/1815/183
f 157/1883/185 158/107/187 166/1813/188 165/1814/186
f 158/107/187 159/109/189 167/1812/190 166/1813/188
f 159/109/189 160/111/191 168/1811/192 167/1812/190
f 214/113/193 215/114/194 161/115/195 169/1808/196
f 161/115/195 162/117/197 170/1810/198 169/1808/196
f 162/117/197 156/101/181 164/1809/184 170/1810/198
s 18
f 164/104/199 163/103/200 171/119/201 172/120/202
f 163/103/200 165/1958/203 173/1957/204 171/119/201
f 165/106/203 166/108/205 174/122/206 173/121/204
f 166/108/205 167/110/207 175/123/208 174/122/206
f 167/110/207 168/112/209 176/124/210 175/123/208
f 213/125/211 214/1807/212 169/116/213 177/126/214
f 169/116/213 170/118/215 178/127/216 177/126/214
f 170/118/215 164/104/199 172/120/202 178/127/216
s 19
f 172/120/217 171/119/218 179/128/219 180/129/220
f 171/119/218 173/1957/221 181/1955/222 179/128/219
f 173/121/221 174/122/223 182/131/224 181/130/222
f 174/122/223 175/123/225 183/132/226 182/131/224
f 175/123/225 176/124/227 184/133/228 183/132/226
f 185/134/229 213/125/230 177/126/231
f 177/126/231 178/127/232 186/135/233 185/134/229
f 178/127/232 172/120/217 180/129/220 186/135/233
f 337/136/234 336/137/235 345/1926/236 346/1925/237
f 179/128/219 181/1955/222 332/1956/238 344/141/239
f 340/142/240 341/143/241 347/1924/242 348/1923/243
f 341/143/241 337/136/234 346/1925/237 347/1924/242
s 9
f 205/146/244 206/1732/245 197/1733/246 198/149/247
f 203/1735/248 204/151/249 199/152/250 200/153/251
f 198/149/247 197/1733/246 120/53/133 119/52/132
f 200/153/251 199/152/250 116/45/125 115/44/124
f 110/36/116 220/69/149 221/1835/252 112/1729/253
f 225/156/254 226/1858/255 970/1724/256 971/1849/257
f 227/1727/258 228/1833/150 107/29/109 108/33/113
f 972/161/259 973/162/260 263/163/261 270/164/262
f 202/1726/115 201/34/114 122/57/137 121/1734/136
f 196/1721/123 195/42/122 204/151/249 203/1735/248
f 194/51/131 193/50/130 206/1732/245 205/146/244
f 208/165/263 207/166/264 123/1731/141 124/60/140
f 206/147/245 193/1719/130 211/169/265 209/170/266
f 222/171/267 223/1723/146 979/65/145 980/172/268
f 123/61/141 207/1730/264 210/173/269 212/174/270
s 19
f 184/133/228 185/134/229 361/1944/271 360/1950/272 335/177/273
f 176/124/227 213/125/230 185/134/229 184/133/228
s 18
f 168/112/209 214/1807/212 213/125/211 176/124/210
s 9
f 160/111/191 215/114/194 214/113/193 168/1811/192
f 140/78/158 218/80/160 217/1831/174 146/92/172
f 131/77/157 219/81/161 218/80/160 140/78/158
f 120/53/133 220/1830/149 1082/68/148 1083/54/134
f 221/1728/252 220/1830/149 120/53/133 197/1733/246
f 193/1719/130 992/178/274 993/179/275 211/169/265
f 991/180/276 992/1718/274 193/50/130 118/1843/129
f 271/181/277 989/182/278 990/183/279 272/184/280
f 985/185/281 986/186/282 273/187/283 274/188/284
f 196/1721/123 983/1720/285 984/1844/286 113/40/120
f 115/44/124 228/70/150 227/1834/258 200/153/251
f 1088/47/127 1089/1827/151 228/70/150 115/44/124
f 230/91/171 229/1828/170 129/72/152 138/75/155
f 112/155/253 221/1974/252 996/1969/287 997/192/288
f 221/154/252 197/148/246 1003/193/289 996/191/287
f 232/194/290 231/195/291 239/1973/292 240/197/293
f 233/198/294 232/194/290 240/197/293 241/199/295
f 234/200/296 235/201/297 243/202/298 242/203/299
f 235/201/297 233/198/294 241/199/295 243/202/298
f 231/1970/291 236/204/300 244/205/301 239/196/292
f 236/204/300 237/206/302 245/207/303 244/205/301
f 237/206/302 238/208/304 246/209/305 245/207/303
f 238/208/304 234/200/296 242/203/299 246/209/305
f 240/197/293 239/1973/292 800/1971/306 801/211/307
f 241/199/295 240/197/293 801/211/307 802/212/308
f 242/203/299 243/202/298 803/213/309 804/214/310
f 243/202/298 241/199/295 802/212/308 803/213/309
f 239/196/292 244/205/301 809/215/311 800/210/306
f 246/209/305 242/203/299 804/214/310 805/216/312
f 248/217/313 247/218/314 1004/1977/315 1005/220/316
f 249/221/317 248/217/313 1005/220/316 1006/222/318
f 250/223/319 251/224/320 1007/225/321 1008/226/322
f 251/224/320 249/221/317 1006/222/318 1007/225/321
f 247/1972/314 252/227/323 1011/228/324 1004/219/325
f 252/227/323 253/229/326 1010/230/327 1011/228/324
f 253/229/326 254/231/328 1009/232/329 1010/230/327
f 254/231/328 250/223/319 1008/226/322 1009/232/329
f 128/63/143 127/62/142 268/233/330 267/234/331
f 977/100/180 978/1846/144 224/67/147 265/97/177
f 126/59/139 125/1855/138 264/235/332 269/236/333
f 225/1851/254 971/159/257 972/161/259 270/164/262
f 990/183/279 991/1842/276 118/49/129 272/184/280
f 118/49/129 117/1853/128 271/181/277 272/184/280
f 114/41/121 113/1845/120 274/188/284 273/187/283
f 113/1845/120 984/190/286 985/185/281 274/188/284
f 1040/237/334 1041/238/335 279/239/336
f 1115/240/337 1116/241/338 1040/237/334 279/239/336
f 1107/242/339 1108/1838/340 281/244/341 309/245/342
f 281/1839/341 1108/243/340 1109/246/343 282/247/344
f 282/247/344 1109/246/343 1110/248/345 284/249/346
f 284/249/346 1110/248/345 1111/250/347 287/251/348
f 287/251/348 1111/250/347 1112/252/349 288/253/350
f 290/254/351 1113/255/352 1114/256/353 292/257/354
f 292/257/354 1114/256/353 1115/240/337 279/239/336
f 294/258/355 1102/259/356 1103/260/357 312/261/358
f 1101/262/359 1102/1840/356 294/1852/355 296/263/360
f 1100/264/361 1101/262/359 296/263/360 305/265/362
f 298/266/363 1098/267/364 1099/268/365 306/269/366
f 1097/270/367 1098/267/364 298/266/363 1085/271/368
f 1095/272/369 1096/273/370 300/274/371 349/275/372
f 1094/276/373 1095/272/369 349/275/372 1036/277/374
f 1099/268/365 1100/264/361 305/265/362 306/269/366
f 1105/278/375 1106/279/376 975/280/377 311/281/378
f 1103/260/357 1104/282/379 988/283/380 312/261/358
f 310/284/381 263/163/261 973/162/260 974/285/382
f 281/1839/341 282/247/344 124/60/140 128/1857/143
f 297/286/383 195/42/122 114/1856/121 295/1841/384
f 116/45/125 299/288/385 1086/289/386 1087/46/126
f 111/37/117 288/253/350 1079/290/387 1080/38/118
f 122/57/137 283/291/388 280/1854/389 125/58/138
f 109/32/112 286/293/390 285/294/391 201/34/114
f 1077/31/111 1078/295/392 289/296/393 106/28/108
f 130/73/153 1614/297/394 137/74/154
f 133/84/164 290/254/351 292/257/354 142/85/165
f 291/298/395 136/86/166 143/89/169 293/299/396
f 142/85/165 292/257/354 279/239/336 148/96/176
f 194/51/131 296/263/360 294/1852/355 117/48/128
f 1084/55/135 1085/271/368 298/266/363 119/52/132
f 300/274/371 132/76/156 139/79/159
f 302/300/397 300/274/371 139/79/159
f 198/149/247 306/269/366 305/265/362 205/146/244
f 307/301/398 199/152/250 204/151/249 304/302/399
f 298/266/363 306/269/366 198/149/247 119/52/132
f 116/45/125 199/152/250 307/301/398 299/288/385
f 266/98/178 311/281/378 975/280/377 976/99/179
f 304/302/399 204/151/249 195/42/122 297/286/383
f 205/146/244 305/265/362 296/263/360 194/51/131
f 282/247/344 284/249/346 208/165/263 124/60/140
f 312/261/358 988/283/380 989/182/278 271/181/277
f 273/187/283 986/186/282 987/303/400 313/304/401
f 125/1855/138 280/292/389 308/305/402 264/235/332
f 281/244/341 128/63/143 267/234/331 309/245/342
f 117/1853/128 294/258/355 312/261/358 271/181/277
f 295/287/384 114/41/121 273/187/283 313/304/401
s 33
f 314/306/403 315/307/404 323/308/405 322/309/406
f 315/307/404 316/310/407 324/311/408 323/308/405
f 316/310/407 317/312/409 325/1983/410 324/311/408
f 317/1985/409 318/314/411 326/315/412 325/313/410
f 318/314/411 319/316/413 327/317/414 326/315/412
f 319/316/413 320/318/415 328/319/416 327/317/414
f 320/318/415 321/320/417 329/321/418 328/319/416
f 321/320/417 314/306/403 322/309/406 329/321/418
s 34
f 315/307/419 314/306/420 100/26/421 104/27/422
f 316/310/423 315/307/419 104/27/422 105/22/424
f 317/312/425 316/310/423 105/22/424 101/1819/426
f 318/314/427 317/1985/425 101/1986/426 102/1818/428
f 319/316/429 318/314/427 102/1818/428 97/21/430
f 320/318/431 319/316/429 97/21/430 98/20/432
f 321/320/433 320/318/431 98/20/432 99/25/434
f 314/306/420 321/320/433 99/25/434 100/26/421
s 35
f 322/309/435 323/308/436 261/1801/437 262/1800/438
f 323/308/436 324/311/439 260/1802/440 261/1801/437
f 324/311/439 325/1983/441 255/1984/442 260/1802/440
f 325/313/441 326/315/443 256/1806/444 255/1803/442
f 326/315/443 327/317/445 257/1804/446 256/1806/444
f 327/317/445 328/319/447 259/1805/448 257/1804/446
f 328/319/447 329/321/449 258/1799/450 259/1805/448
f 329/321/449 322/309/435 262/1800/438 258/1799/450
s 19
f 179/128/219 344/141/239 353/1948/451
s 36
f 187/1900/452 188/1903/453 330/334/454
f 190/1902/455 192/1898/456 331/337/457
f 188/1903/453 190/1902/455 331/337/457 330/334/454
s 19
f 181/130/222 182/131/224 333/1928/458 332/1921/238
f 182/131/224 183/132/226 334/1927/459 333/1928/458
f 183/132/226 184/133/228 335/177/273 334/1927/459
s 36
f 338/340/460 330/334/454 339/1895/461
f 331/337/457 343/342/462 342/1896/463
f 330/334/454 331/337/457 342/1896/463 339/1895/461
s 38
f 345/138/464 344/1922/465 187/332/466 338/1899/467
f 346/139/468 345/138/464 338/1899/467 339/341/469
f 347/144/470 346/139/468 339/341/469 342/343/471
f 348/145/472 347/144/470 342/343/471 343/1897/473
f 192/336/474 363/1917/475 362/1918/476 348/145/472 343/1897/473
f 335/1920/477 360/1919/478 363/1917/475 192/336/474 191/346/479
f 334/339/480 335/1920/477 191/346/479 190/335/481
f 333/338/482 334/339/480 190/335/481 188/333/483
f 332/2343/484 333/338/482 188/333/483 189/2344/485
f 344/1922/465 332/140/484 189/347/485 187/332/466
s 36
f 187/1900/452 330/334/454 338/340/460
f 331/337/457 192/1898/456 343/342/462
s 9
f 300/274/371 302/300/397 349/275/372
f 301/348/486 1614/297/394 1613/349/487
f 302/300/397 1035/350/488 1036/277/374 349/275/372
f 302/300/397 139/79/159 145/93/173
f 137/74/154 1614/297/394 301/348/486
s 19
f 352/1949/489 344/1961/239 345/1926/236 336/137/235
s 39
f 353/331/490 352/351/491 364/352/492 365/353/493
f 365/353/493 364/352/492 366/354/494 367/355/495
f 368/356/496 369/357/497 370/358/498 371/359/499
f 369/357/497 368/356/496 367/355/495 366/354/494
s 19
f 180/129/220 179/128/219 353/1948/451 354/1946/500
f 185/134/229 186/135/233 358/1943/501 356/1942/502
f 356/1942/502 361/1944/271 185/134/229
f 186/135/233 180/129/220 354/1946/500 358/1943/501
f 355/1947/503 352/1949/489 336/137/235 337/136/234
f 357/1941/504 359/1940/505 341/143/241 340/142/240
f 348/1923/243 362/1945/506 357/1941/504 340/142/240
f 359/1940/505 355/1947/503 337/136/234 341/143/241
f 352/1962/489 353/1948/451 344/141/239
s off
f 360/176/507 371/359/508 370/358/509 363/344/510
s 40
f 352/351/511 355/363/512 364/352/513
s 41
f 354/360/514 353/331/515 365/353/516
s 40
f 355/363/512 359/365/517 366/354/518 364/352/513
s 41
f 358/361/519 354/360/514 365/353/516 367/355/520
s 40
f 357/364/521 362/345/522 370/358/523 369/357/524
s 41
f 361/175/525 356/362/526 368/356/527 371/359/528
f 356/362/526 358/361/519 367/355/520 368/356/527
s 40
f 359/365/517 357/364/521 369/357/524 366/354/518
s off
f 360/176/529 361/175/530 371/359/531
f 362/345/532 363/344/533 370/358/534
s 42
f 372/366/535 373/367/536 381/2234/537 380/2230/538
f 373/367/536 374/368/539 382/2233/540 381/2234/537
f 374/368/539 375/369/541 383/2232/542 382/2233/540
f 375/369/541 376/370/543 384/2235/544 383/2232/542
f 376/370/543 377/371/545 385/2236/546 384/2235/544
f 377/371/545 378/372/547 386/2231/548 385/2236/546
f 378/372/547 379/373/549 387/2229/550 386/2231/548
f 379/373/549 372/366/535 380/2230/538 387/2229/550
f 380/2249/538 381/2250/537 389/2251/551 388/2252/552
f 381/2250/537 382/2237/540 390/2240/553 389/2251/551
f 382/2237/540 383/2238/542 391/2239/554 390/2240/553
f 383/2238/542 384/2241/544 392/2242/555 391/2239/554
f 384/2241/544 385/2253/546 393/2254/556 392/2242/555
f 385/2253/546 386/2243/548 394/2246/557 393/2254/556
f 386/2243/548 387/2244/550 395/2245/558 394/2246/557
f 387/2244/550 380/2247/538 388/2248/552 395/2245/558
f 388/375/552 389/374/551 397/382/559 396/383/560
f 389/374/551 390/376/553 398/384/561 397/382/559
f 390/376/553 391/377/554 399/385/562 398/384/561
f 391/377/554 392/378/555 400/386/563 399/385/562
f 392/378/555 393/379/556 401/387/564 400/386/563
f 393/379/556 394/380/557 402/388/565 401/387/564
f 394/380/557 395/381/558 403/389/566 402/388/565
f 395/381/558 388/375/552 396/383/560 403/389/566
f 373/367/536 372/366/535 404/390/567
f 374/368/539 373/367/536 404/390/567
f 375/369/541 374/368/539 404/390/567
f 376/370/543 375/369/541 404/390/567
f 377/371/545 376/370/543 404/390/567
f 378/372/547 377/371/545 404/390/567
f 379/373/549 378/372/547 404/390/567
f 372/366/535 379/373/549 404/390/567
f 396/383/560 397/382/559 405/391/568
f 397/382/559 398/384/561 405/391/568
f 398/384/561 399/385/562 405/391/568
f 399/385/562 400/386/563 405/391/568
f 400/386/563 401/387/564 405/391/568
f 401/387/564 402/388/565 405/391/568
f 402/388/565 403/389/566 405/391/568
f 403/389/566 396/383/560 405/391/568
s 43
f 406/2262/569 407/393/570 413/394/571 412/2257/572
f 407/393/570 408/396/573 414/397/574 413/394/571
f 408/2255/573 409/2264/575 415/2259/576 414/2260/574
f 409/2264/575 410/2263/577 416/2258/578 415/2259/576
f 410/2263/577 411/2261/579 417/2256/580 416/2258/578
f 411/2261/579 406/2262/569 412/2257/572 417/2256/580
f 407/393/570 406/392/569 418/404/581
f 408/396/573 407/393/570 418/404/581
f 409/398/575 408/396/573 418/404/581
f 410/400/577 409/398/575 418/404/581
f 411/402/579 410/400/577 418/404/581
f 406/392/569 411/402/579 418/404/581
f 412/395/572 413/394/571 419/405/582
f 413/394/571 414/397/574 419/405/582
f 414/397/574 415/399/576 419/405/582
f 415/399/576 416/401/578 419/405/582
f 416/401/578 417/403/580 419/405/582
f 417/403/580 412/395/572 419/405/582
s off
f 420/2086/583 421/407/584 423/2081/585 422/2082/586
f 422/409/587 423/408/588 1119/1795/589 1120/1794/590
f 1117/412/591 1118/413/592 421/407/593 420/2086/594
f 421/407/595 1118/413/596 1119/1795/597 423/408/598
f 1120/1794/599 1117/2085/600 420/406/601 422/409/602
f 424/2084/603 425/415/604 427/2079/605 426/2080/606
f 426/417/607 427/416/608 1128/1785/609 1125/1786/610
f 1126/2083/611 1127/1787/612 425/415/613 424/2084/614
f 425/415/615 1127/1787/616 1128/1785/617 427/416/618
f 1125/1786/619 1126/1788/620 424/414/621 426/417/622
s 44
f 428/1717/623 446/1667/624 436/1662/625
f 430/2270/626 450/1675/627 447/1676/628 440/1664/629
f 437/1680/630 429/2273/631 443/1688/632 444/1681/633
f 428/1665/623 436/2272/625 441/1661/634 442/1666/635
f 441/1661/634 436/2272/625 438/1663/636 440/1664/629
f 439/1677/637 445/1678/638 431/1679/639
f 438/2269/636 436/1662/625 446/1667/624 459/2274/640
f 434/1670/641 441/1661/634 440/1664/629 432/1671/642
f 434/1670/641 442/1666/635 441/1661/634
f 444/1681/633 443/1688/632 435/1689/643
f 444/1681/633 435/1689/643 433/1690/644 445/1678/638
f 440/1664/629 447/1676/628 432/1671/642
f 447/1693/628 450/2267/627 453/2265/645 454/1696/646
f 454/1696/646 455/1699/647 432/1700/642 447/1693/628
f 456/1710/648 434/1709/641 432/1714/642 455/1715/647
f 442/1706/635 434/1709/641 456/1710/648 457/1703/649
f 457/1703/649 458/1704/650 428/1705/623 442/1706/635
f 449/1682/651 451/1683/652 431/1679/639 445/1678/638
f 433/1690/644 449/1682/651 445/1678/638
f 452/1674/653 453/1695/645 450/1694/627 430/1669/626
f 460/1684/654 453/1695/645 452/1674/653
f 458/1704/650 429/1708/631 428/1705/623
f 446/1667/624 428/1717/623 429/1687/631 448/1686/655
f 459/1668/640 462/1673/656 464/1691/657 461/1685/658
f 451/2266/652 453/1695/645 460/1684/654 431/1701/639
f 453/2265/645 451/1697/652 449/1698/651 454/1696/646
f 433/1702/644 455/1699/647 454/1696/646 449/1698/651
f 435/1711/643 456/1710/648 455/1715/647 433/1716/644
f 457/1703/649 456/1710/648 435/1711/643 443/1707/632
f 443/1707/632 429/1708/631 458/1704/650 457/1703/649
f 439/2268/637 461/2275/658 448/1686/655 437/2271/630
f 459/1668/640 446/1712/624 463/1672/659 462/1673/656
f 446/1712/624 448/1713/655 465/1692/660 463/1672/659
f 448/1713/655 461/1685/658 464/1691/657 465/1692/660
f 462/1673/656 463/1672/659 465/1692/660 464/1691/657
f 452/1674/653 430/1669/626 438/2269/636 459/2274/640
f 460/1684/654 452/1674/653 459/2274/640 461/2275/658
f 431/1701/639 460/1684/654 461/2275/658 439/2268/637
f 429/1687/631 437/2271/630 448/1686/655
f 439/1677/637 437/1680/630 444/1681/633 445/1678/638
f 440/1664/629 438/1663/636 430/2270/626
s 47
f 467/2134/661 466/2135/662 474/2136/663
f 468/2138/664 467/2134/661 474/2136/663
f 469/2140/665 468/2138/664 474/2136/663
f 470/2142/666 469/2140/665 474/2136/663
f 471/2141/667 470/2142/666 474/2136/663
f 472/2139/668 471/2141/667 474/2136/663
f 473/2137/669 472/2139/668 474/2136/663
f 466/2135/662 473/2137/669 474/2136/663
s 48
f 475/2119/670 476/2120/671 484/2121/672 483/2122/673
f 477/2090/674 475/2119/670 483/2122/673 485/2091/675
f 478/2089/676 477/2090/674 485/2091/675 486/2092/677
f 479/2095/678 478/2089/676 486/2092/677 487/2096/679
f 480/2125/680 479/2095/678 487/2096/679 488/2126/681
f 481/2099/682 480/2125/680 488/2126/681 489/2100/683
f 482/2098/684 481/2099/682 489/2100/683 490/2101/685
f 476/2104/671 482/2098/684 490/2101/685 484/2105/672
s 49
f 491/2143/686 492/2144/687 505/2145/688 506/2146/689
f 492/2144/687 491/2143/686 494/2147/690 493/2148/691
f 493/2148/691 494/2147/690 496/2151/692 495/2152/693
f 495/2152/693 496/2151/692 498/2155/694 497/2156/695
f 497/2156/695 498/2155/694 500/2158/696 499/2157/697
f 499/2157/697 500/2158/696 502/2154/698 501/2153/699
f 501/2153/699 502/2154/698 504/2150/700 503/2149/701
f 503/2149/701 504/2150/700 506/2146/689 505/2145/688
s 48
f 492/2123/702 493/2124/703 483/2122/673 484/2121/672
f 493/2124/703 495/2093/704 485/2091/675 483/2122/673
f 495/2093/704 497/2094/705 486/2092/677 485/2091/675
f 497/2094/705 499/2097/706 487/2096/679 486/2092/677
f 499/2097/706 501/2127/707 488/2126/681 487/2096/679
f 501/2127/707 503/2102/708 489/2100/683 488/2126/681
f 503/2102/708 505/2103/709 490/2101/685 489/2100/683
f 505/2103/709 492/2106/702 484/2105/672 490/2101/685
s 50
f 466/2117/710 467/2128/711 494/2129/712 491/2118/713
f 467/2128/711 468/2107/714 496/2110/715 494/2129/712
f 468/2107/714 469/2108/716 498/2109/717 496/2110/715
f 469/2108/716 470/2111/718 500/2112/719 498/2109/717
f 470/2111/718 471/2130/720 502/2131/721 500/2112/719
f 471/2130/720 472/2132/722 504/2133/723 502/2131/721
f 472/2113/722 473/2114/724 506/2115/725 504/2116/723
f 473/2114/724 466/2117/710 491/2118/713 506/2115/725
s off
f 507/2088/726 508/431/727 510/2077/728 509/2078/729
f 509/433/730 510/432/731 1121/1792/732 1123/1791/733
f 1124/436/734 1122/437/735 508/431/736 507/2088/737
f 508/431/738 1122/437/739 1121/1792/740 510/432/741
f 1123/1791/742 1124/2087/743 507/430/744 509/433/745
s 51
f 512/2207/746 511/2208/747 519/2209/748
f 513/2211/749 512/2207/746 519/2209/748
f 514/2213/750 513/2211/749 519/2209/748
f 515/2215/751 514/2213/750 519/2209/748
f 516/2214/752 515/2215/751 519/2209/748
f 517/2212/753 516/2214/752 519/2209/748
f 518/2210/754 517/2212/753 519/2209/748
f 511/2208/747 518/2210/754 519/2209/748
s 52
f 520/2192/755 521/2174/756 529/2175/757 528/2193/758
f 522/2195/759 520/2192/755 528/2193/758 530/2196/760
f 523/2159/761 522/2160/759 530/2161/760 531/2162/762
f 524/2165/763 523/2159/761 531/2162/762 532/2166/764
f 525/2198/765 524/2165/763 532/2166/764 533/2199/766
f 526/2169/767 525/2198/765 533/2199/766 534/2170/768
f 527/2168/769 526/2169/767 534/2170/768 535/2171/770
f 521/2174/756 527/2168/769 535/2171/770 529/2175/757
s 53
f 536/2216/771 537/2217/772 550/2218/773 551/2219/774
f 537/2217/772 536/2216/771 539/2220/775 538/2221/776
f 538/2221/776 539/2220/775 541/2224/777 540/2183/778
f 540/2183/778 541/2224/777 543/2228/779 542/2184/780
f 542/2184/780 543/2228/779 545/2227/781 544/2185/782
f 544/2185/782 545/2227/781 547/2226/783 546/2225/784
f 546/2225/784 547/2226/783 549/2223/785 548/2222/786
f 548/2222/786 549/2223/785 551/2219/774 550/2218/773
s 52
f 537/2176/787 538/2194/788 528/2193/758 529/2175/757
f 538/2194/788 540/2197/789 530/2196/760 528/2193/758
f 540/2163/789 542/2164/790 531/2162/762 530/2161/760
f 542/2164/790 544/2167/791 532/2166/764 531/2162/762
f 544/2167/791 546/2200/792 533/2199/766 532/2166/764
f 546/2200/792 548/2172/793 534/2170/768 533/2199/766
f 548/2172/793 550/2173/794 535/2171/770 534/2170/768
f 550/2173/794 537/2176/787 529/2175/757 535/2171/770
s 54
f 511/2190/795 512/2201/796 539/2202/797 536/2191/798
f 512/2201/796 513/2177/799 541/2180/800 539/2202/797
f 513/2177/799 514/2178/801 543/2179/802 541/2180/800
f 514/2178/801 515/2181/803 545/2182/804 543/2179/802
f 515/2203/803 516/2204/805 547/2205/806 545/2206/804
f 516/2204/805 517/2186/807 549/2189/808 547/2205/806
f 517/2186/807 518/2187/809 551/2188/810 549/2189/808
f 518/2187/809 511/2190/795 536/2191/798 551/2188/810
s 55
f 552/1293/811 553/1500/812 570/1302/813 569/1294/814
f 553/1500/812 554/1497/815 571/1309/816 570/1302/813
f 554/1497/815 555/1498/817 572/1318/818 571/1309/816
f 555/1498/817 556/1499/819 573/1326/820 572/1318/818
f 556/1499/819 557/1501/821 574/1336/822 573/1326/820
f 557/1501/821 558/1502/823 575/1346/824 574/1336/822
f 558/1502/823 559/1503/825 576/1355/826 575/1346/824
f 559/1503/825 560/2294/827 577/1363/828 576/1355/826
f 560/2294/827 733/2290/829 578/1370/830 577/1363/828
f 561/1385/831 562/1507/832 580/1382/833 579/1380/834
f 562/1507/832 563/1504/835 581/1372/836 580/1382/833
f 563/1504/835 688/1505/837 689/1365/838 581/1372/836
f 690/1312/839 691/1512/840 566/1513/841 584/1304/842
f 566/1513/841 567/1514/843 585/1291/844 584/1304/842
f 567/1514/843 568/2293/845 586/1286/846 585/1291/844
f 568/2293/845 741/2288/847 587/1285/848 586/1286/846
s 58
f 589/1389/849 588/2299/850 678/1393/851 677/1390/852
f 590/1388/853 589/1389/849 677/1390/852 676/1391/854
f 591/1396/855 590/1388/853 676/1391/854 675/1397/856
f 592/1405/857 591/1396/855 675/1397/856 674/1406/858
f 593/1416/859 592/2340/857 674/2331/858 673/1415/860
f 594/1414/861 593/1416/859 673/1415/860 672/1403/862
f 595/1413/863 594/1414/861 672/1403/862 671/1402/864
f 596/1423/865 595/1413/863 671/1402/864 670/1412/866
f 598/1441/867 597/2300/868 669/1433/869 668/1437/870
f 599/1443/871 598/1441/867 668/1437/870 667/1440/872
f 696/1442/873 685/1444/874 599/1443/871 667/1440/872
f 602/2303/875 694/1515/876 695/1435/877 664/1431/878
f 603/1425/879 602/2303/875 664/1431/878 663/1426/880
f 604/1419/881 603/1425/879 663/1426/880 662/1420/882
s 55
f 569/1294/814 570/1302/813 645/1303/883 644/1295/884
f 570/1302/813 571/1309/816 646/1310/885 645/1303/883
f 571/1309/816 572/1318/818 647/1319/886 646/1310/885
f 572/1318/818 573/1326/820 648/1327/887 647/1319/886
f 573/1326/820 574/1336/822 649/1337/888 648/1327/887
f 574/1336/822 575/1346/824 650/1347/889 649/1337/888
f 575/1346/824 576/1355/826 651/1356/890 650/1347/889
f 576/1355/826 577/1363/828 652/1364/891 651/1356/890
f 577/1363/828 578/1370/830 653/1371/892 652/1364/891
f 578/1370/830 579/1380/834 654/1381/893 653/1371/892
f 579/1380/834 580/1382/833 655/1383/894 654/1381/893
f 580/1382/833 581/1372/836 656/1373/895 655/1383/894
f 581/1372/836 689/1365/838 657/1349/896 656/1373/895
f 658/1311/897 690/1312/839 584/1304/842 659/1305/898
f 584/1304/842 585/1291/844 660/1296/899 659/1305/898
f 585/1291/844 586/1286/846 661/1289/900 660/1296/899
f 586/1286/846 587/1285/848 643/1288/901 661/1289/900
f 587/1285/848 569/1294/814 644/1295/884 643/1288/901
s 58
f 606/1204/902 605/1199/903 748/1192/904 749/1313/905
f 609/1203/906 606/1204/902 749/1313/905 750/1329/907
f 611/1322/908 609/1203/906 750/1329/907 751/1330/909
f 613/2318/910 611/1322/908 751/1330/909 752/1340/911
f 615/1342/912 613/1332/910 752/2317/911 753/1350/913
f 617/1230/914 615/1342/912 753/1350/913 754/1358/915
f 619/1229/916 617/1230/914 754/1358/915 755/1374/917
f 621/1232/918 619/1229/916 755/1374/917 756/1375/919
f 625/1378/920 623/1238/921 759/1387/922 760/1386/923
f 627/1368/924 625/1378/920 760/1386/923 761/1379/925
f 761/1379/925 762/1369/926 687/1361/927 627/1368/924
f 633/1298/928 692/1307/929 768/1317/930 769/1308/931
f 635/1292/932 633/1298/928 769/1308/931 770/1299/933
f 637/1208/934 635/1292/932 770/1299/933 771/1300/935
f 553/1301/936 552/2291/937 605/1199/903 606/1204/902
f 588/1392/850 589/2316/849 608/1194/938 607/1193/939
f 554/1314/940 553/1301/936 606/1204/902 609/1203/906
f 589/2316/849 590/2315/853 610/1198/941 608/1194/938
f 555/1321/942 554/1314/940 609/1203/906 611/1322/908
f 590/2315/853 591/2314/855 612/1398/943 610/1198/941
f 556/1331/944 555/1321/942 611/1322/908 613/2318/910
f 591/2314/855 592/2313/857 614/1407/945 612/1398/943
f 557/1341/946 556/2319/944 613/1332/910 615/1342/912
f 592/2313/857 593/2312/859 616/1417/947 614/1407/945
f 558/1351/948 557/1341/946 615/1342/912 617/1230/914
f 593/2312/859 594/2311/861 618/1226/949 616/1417/947
f 559/1359/950 558/1351/948 617/1230/914 619/1229/916
f 594/2311/861 595/2310/863 620/1223/951 618/1226/949
f 560/1366/952 559/1359/950 619/1229/916 621/1232/918
f 595/2310/863 596/2309/865 622/1224/953 620/1223/951
f 562/1377/954 561/2292/955 623/1238/921 625/1378/920
f 597/1438/868 598/2308/867 626/1240/956 624/1237/957
f 563/1367/958 562/1377/954 625/1378/920 627/1368/924
f 598/2308/867 599/2307/871 628/1242/959 626/1240/956
f 687/1361/927 688/1360/960 563/1367/958 627/1368/924
f 599/2307/871 685/1247/874 686/1243/961 628/1242/959
f 566/1297/962 691/1306/963 692/1307/929 633/1298/928
f 693/1214/964 694/1220/876 602/1430/875 634/1212/965
f 567/1290/966 566/1297/962 633/1298/928 635/1292/932
f 602/1430/875 603/2306/879 636/1210/967 634/1212/965
f 568/1283/968 567/1290/966 635/1292/932 637/1208/934
f 603/2306/879 604/2305/881 638/1207/969 636/1210/967
f 639/1323/970 699/1333/971 700/1334/972 682/1324/973
s 55
f 698/1339/974 699/1509/975 639/1510/976 642/1328/977
f 697/1338/978 698/1339/974 642/1328/977 658/1311/897
s 58
f 702/2339/979 703/2338/980 665/1450/981 680/1447/982
f 701/1445/983 702/2301/979 680/2304/982 684/1218/984
f 682/1324/973 700/1334/972 765/1345/985 766/1335/986
s 55
f 564/1506/987 640/1508/988 641/1348/989 582/1357/990
f 639/1510/976 565/1511/991 583/1320/992 642/1328/977
s 58
f 679/1448/993 600/1517/994 666/1452/995
f 601/1516/996 680/1447/982 665/1450/981
s 55
f 582/1357/990 641/1348/989 657/1349/896
f 642/1328/977 583/1320/992 658/1311/897
s 58
f 681/1344/997 629/1353/998 763/1362/999 764/1354/1000
f 631/1316/1001 682/1324/973 766/1335/986 767/1325/1002
f 640/1343/1003 564/1352/1004 629/1353/998 681/1344/997
f 600/1248/994 679/2302/993 683/1250/1005 630/1246/1006
f 565/1315/1007 639/1323/970 682/1324/973 631/1316/1001
f 680/2304/982 601/1219/996 632/1216/1008 684/1218/984
s 69
f 1159/1453/1009 1151/1454/1010 1152/1455/1011 1158/1456/1012
s 58
f 704/2337/1013 705/2336/1014 664/1431/878 695/1435/877
f 686/1243/961 685/1247/874 600/1248/994 630/1246/1006
f 629/1353/998 687/1361/927 762/1369/926 763/1362/999
f 564/1352/1004 688/1360/960 687/1361/927 629/1353/998
s 55
f 689/1365/838 688/1505/837 564/1506/987 582/1357/990
f 657/1349/896 689/1365/838 582/1357/990
f 583/1320/992 690/1312/839 658/1311/897
f 565/1511/991 691/1512/840 690/1312/839 583/1320/992
s 58
f 692/1307/929 691/1306/963 565/1315/1007 631/1316/1001
f 767/1325/1002 768/1317/930 692/1307/929 631/1316/1001
f 601/1219/996 694/1220/876 693/1214/964 632/1216/1008
f 705/2336/1014 706/2335/1015 663/1426/880 664/1431/878
f 678/1393/851 708/1401/1016 709/2333/1017 677/1390/852
f 706/2335/1015 707/2334/1018 662/1420/882 663/1426/880
f 1626/1411/1019 1627/1400/1020 1622/1410/1021 1623/2329/1022
f 676/1391/854 710/2332/1023 711/2330/1024 675/1397/856
f 677/1390/852 709/2333/1017 710/2332/1023 676/1391/854
f 675/1397/856 711/2330/1024 674/1406/858
f 703/2338/980 704/2337/1013 695/1435/877 665/1450/981
f 600/1517/994 685/1444/874 696/1442/873 666/1452/995
f 695/1435/877 694/1515/876 601/1516/996 665/1450/981
s 55
f 641/1348/989 698/1339/974 697/1338/978 657/1349/896
f 640/1508/988 699/1509/975 698/1339/974 641/1348/989
s 58
f 700/1334/972 699/1333/971 640/1343/1003 681/1344/997
f 764/1354/1000 765/1345/985 700/1334/972 681/1344/997
f 679/2302/993 702/2301/979 701/1445/983 683/1250/1005
f 666/1452/995 703/1449/980 702/1446/979 679/1448/993
f 696/1442/873 704/1439/1013 703/1449/980 666/1452/995
f 667/1440/872 705/1436/1014 704/1439/1013 696/1442/873
f 668/1437/870 706/1432/1015 705/1436/1014 667/1440/872
f 669/1433/869 707/1427/1018 706/1432/1015 668/1437/870
f 1624/1428/1025 1625/1422/1026 1626/2327/1019 1623/1421/1022
f 709/1394/1017 708/2328/1016 670/1412/866 671/1402/864
f 710/1395/1023 709/1394/1017 671/1402/864 672/1403/862
f 711/1404/1024 710/1395/1023 672/1403/862 673/1415/860
s 70
f 1166/1465/1027 1163/1466/1028 1164/1462/1029 1165/1461/1030
s 58
f 674/2331/858 711/1404/1024 673/1415/860
s 55
f 648/1518/887 649/1519/888 714/1520/1031 713/1521/1032
f 649/1519/888 650/1169/889 715/1170/1033 714/1520/1031
f 650/1169/889 651/1163/890 716/1166/1034 715/1170/1033
f 651/1163/890 652/1164/891 717/1165/1035 716/1166/1034
f 652/1164/891 653/1167/892 718/1168/1036 717/1165/1035
f 653/1167/892 654/1171/893 719/1172/1037 718/1168/1036
f 654/1171/893 655/1173/894 720/1174/1038 719/1172/1037
f 655/1173/894 656/1175/895 721/1176/1039 720/1174/1038
f 656/1175/895 657/1524/896 722/1525/1040 721/1176/1039
f 657/1524/896 697/1526/978 712/1527/1041 722/1525/1040
f 643/1177/901 644/1178/884 723/1179/1042 724/1180/1043
f 644/1178/884 645/1181/883 725/1182/1044 723/1179/1042
f 645/1181/883 646/1185/885 726/1186/1045 725/1182/1044
f 646/1185/885 647/1522/886 727/1523/1046 726/1186/1045
f 647/1522/886 648/2325/887 713/2326/1032 727/1523/1046
f 697/1526/978 658/1528/897 728/1529/1047 712/1527/1041
f 658/1528/897 659/1189/898 729/1190/1048 728/1529/1047
f 659/1189/898 660/1187/899 730/1188/1049 729/1190/1048
f 660/1187/899 661/1183/900 731/1184/1050 730/1188/1049
f 661/1183/900 643/1177/901 724/1180/1043 731/1184/1050
f 578/1370/830 732/2289/1051 561/1385/831 579/1380/834
s 58
f 737/1429/1052 1625/1422/1026 1624/1428/1025 736/1434/1053
s 55
f 587/1285/848 740/2287/1054 552/1293/811 569/1294/814
s 58
f 732/1384/1055 733/1376/1056 734/1231/1057 735/1235/1058
f 735/1235/1058 734/1231/1057 757/2324/1059 758/2323/1060
f 737/2297/1052 736/2298/1053 739/1234/1061 738/1228/1062
f 740/1287/1063 741/1284/1064 742/1205/1065 743/1200/1066
f 743/1200/1066 742/1205/1065 772/2322/1067 773/2320/1068
f 745/2295/1069 744/2296/1070 747/1196/1071 746/1202/1072
f 734/1231/1057 621/1232/918 756/1375/919 757/2324/1059
f 623/1238/921 735/1235/1058 758/2323/1060 759/1387/922
f 742/1205/1065 637/1208/934 771/1300/935 772/2322/1067
f 605/1199/903 743/1200/1066 773/2320/1068 748/1192/904
f 734/1231/1057 733/1376/1056 560/1366/952 621/1232/918
f 596/2309/865 737/2297/1052 738/1228/1062 622/1224/953
f 561/2292/955 732/1384/1055 735/1235/1058 623/1238/921
f 739/1234/1061 736/2298/1053 597/1438/868 624/1237/957
f 742/1205/1065 741/1284/1064 568/1283/968 637/1208/934
f 604/2305/881 745/2295/1069 746/1202/1072 638/1207/969
f 552/2291/937 740/1287/1063 743/1200/1066 605/1199/903
f 747/1196/1071 744/2296/1070 588/1392/850 607/1193/939
s 55
f 732/2289/1051 578/1370/830 733/2290/829
f 740/2287/1054 587/1285/848 741/2288/847
s 58
f 744/1399/1070 745/1409/1069 1622/1410/1021 1627/1400/1020
f 749/1191/905 748/2321/904 607/1193/939 608/1194/938
f 750/1197/907 749/1191/905 608/1194/938 610/1198/941
f 751/1408/909 750/1197/907 610/1198/941 612/1398/943
f 752/1418/911 751/1408/909 612/1398/943 614/1407/945
f 753/1424/913 752/1418/911 614/1407/945 616/1417/947
f 754/1225/915 753/1424/913 616/1417/947 618/1226/949
f 755/1222/917 754/1225/915 618/1226/949 620/1223/951
f 756/1221/919 755/1222/917 620/1223/951 622/1224/953
f 757/1227/1059 756/1221/919 622/1224/953 738/1228/1062
f 758/1233/1060 757/1227/1059 738/1228/1062 739/1234/1061
f 759/1236/922 758/1233/1060 739/1234/1061 624/1237/957
f 760/1239/923 759/1236/922 624/1237/957 626/1240/956
f 761/1241/925 760/1239/923 626/1240/956 628/1242/959
f 686/1243/961 762/1244/926 761/1241/925 628/1242/959
f 763/1245/999 762/1244/926 686/1243/961 630/1246/1006
f 764/1249/1000 763/1245/999 630/1246/1006 683/1250/1005
f 701/1445/983 765/1451/985 764/1249/1000 683/1250/1005
f 766/1217/986 765/1451/985 701/1445/983 684/1218/984
f 767/1215/1002 766/1217/986 684/1218/984 632/1216/1008
f 693/1214/964 768/1213/930 767/1215/1002 632/1216/1008
f 769/1211/931 768/1213/930 693/1214/964 634/1212/965
f 770/1209/933 769/1211/931 634/1212/965 636/1210/967
f 771/1206/935 770/1209/933 636/1210/967 638/1207/969
f 772/1201/1067 771/1206/935 638/1207/969 746/1202/1072
f 773/1195/1068 772/1201/1067 746/1202/1072 747/1196/1071
f 748/2321/904 773/1195/1068 747/1196/1071 607/1193/939
s off
f 188/1903/1073 187/1900/1074 189/1904/1075
f 192/1898/1076 190/1902/1077 191/1901/1078
s 9
f 777/444/1079 1012/445/1080 1013/446/1081 774/447/1082
f 1013/446/1081 1014/448/1083 775/449/1084 774/447/1082
f 1020/1878/1085 1012/445/1080 777/444/1079 778/1879/1086
f 1014/448/1083 1015/452/1087 776/453/1088 775/449/1084
f 781/454/1089 780/455/1090 215/114/194 160/111/191
f 782/456/1091 781/454/1089 160/111/191 159/109/189
f 783/457/1092 782/456/1091 159/109/189 158/107/187
f 779/1882/1093 783/457/1092 158/107/187 157/1883/185
f 784/459/1094 785/460/1095 787/461/1096 786/462/1097
f 785/460/1095 784/459/1094 788/463/1098 789/464/1099
f 786/462/1097 787/461/1096 793/1880/1100 792/1881/1101
f 789/464/1099 788/463/1098 791/467/1102 790/468/1103
f 774/447/1082 784/459/1094 786/462/1097 777/444/1079
f 784/459/1094 774/447/1082 775/449/1084 788/463/1098
f 788/463/1098 775/449/1084 776/453/1088 791/467/1102
f 777/444/1079 786/462/1097 792/1881/1101 778/1879/1086
f 793/1880/1100 787/461/1096 783/457/1092 779/1882/1093
f 787/461/1096 785/460/1095 782/456/1091 783/457/1092
f 785/460/1095 789/464/1099 781/454/1089 782/456/1091
f 789/464/1099 790/468/1103 780/455/1090 781/454/1089
f 794/469/1104 807/470/1105 808/471/1106 797/472/1107
f 798/473/1108 806/474/1109 807/470/1105 794/469/1104
f 253/229/326 252/227/323 796/475/1110 795/476/1111
f 808/471/1106 809/215/311 244/205/301 797/472/1107
f 244/205/301 245/207/303 794/469/1104 797/472/1107
f 246/209/305 805/216/1112 806/474/1109 798/473/1108
f 254/231/328 253/229/326 795/476/1111 799/477/1113
f 245/207/303 246/209/305 798/473/1108 794/469/1104
f 801/211/307 800/1971/306 247/218/314 248/217/313
f 802/212/308 801/211/307 248/217/313 249/221/317
f 803/213/309 802/212/308 249/221/317 251/224/320
f 804/214/310 803/213/309 251/224/320 250/223/319
f 805/216/312 804/214/310 250/223/319 254/231/328
f 806/474/1109 805/216/1112 254/231/328 799/477/1113
f 807/470/1105 806/474/1109 799/477/1113 795/476/1111
f 808/471/1106 807/470/1105 795/476/1111 796/475/1110
f 252/227/323 809/215/311 808/471/1106 796/475/1110
f 800/210/306 809/215/311 252/227/323 247/1972/314
s 6
f 910/478/1114 911/479/1115 912/480/1116 913/481/1117
f 914/482/1118 915/483/1119 916/484/1120 917/485/1121
f 916/484/1120 911/479/1115 910/478/1114 917/485/1121
f 817/486/1122 820/487/1123 821/488/1124 816/489/1125
f 820/2026/1123 819/490/1126 818/491/1127 821/2050/1124
f 832/2048/1128 833/493/1129 822/494/1130 823/495/1131
f 920/496/1132 921/497/1133 922/498/1134 923/499/1135
f 921/497/1133 924/500/1136 925/501/1137 922/498/1134
f 924/500/1136 926/502/1138 927/503/1139 925/501/1137
f 831/504/1140 833/2049/1129 832/492/1128 830/505/1141
f 815/506/1142 811/507/1143 824/508/1144 826/509/1145
f 813/510/1146 815/506/1142 826/509/1145 828/511/1147
f 821/2050/1124 818/491/1127 830/505/1141 832/492/1128
f 818/491/1127 813/510/1146 828/511/1147 830/505/1141
f 816/489/1125 821/488/1124 832/2048/1128 823/495/1131
f 827/512/1148 825/513/1149 85/3/83 84/2/82
f 829/514/1150 827/512/1148 84/2/82 86/13/93
f 831/504/1140 829/514/1150 86/13/93 96/12/92
f 833/2049/1129 831/504/1140 96/12/92 95/2051/91
f 822/494/1130 833/493/1129 95/11/91 83/1/81
f 81/18/98 835/2046/1151 841/2044/103 103/19/99
f 81/18/98 87/2047/97 836/2042/1152 835/2046/1151
f 91/517/1153 838/518/1154 836/516/1152 87/17/97
f 834/519/1155 872/2039/1156 90/9/89 79/10/90
f 840/521/1157 834/519/1155 79/10/90
f 102/322/1158 840/521/1157 79/10/90 97/1821/101
f 843/522/1159 846/2074/1160 849/2072/1161 845/525/1162
f 91/517/1153 87/17/97 850/2031/1163
f 93/2029/96 850/526/1163 87/2047/97
f 836/516/1152 838/518/1154 839/527/1164 837/528/1165
f 835/515/1151 836/2043/1152 837/2040/1165 834/519/1155
s off
f 101/2045/1166 841/23/1167 840/521/1168 102/322/1169
f 841/23/1170 835/515/1171 834/519/1172 840/521/1173
s 6
f 847/2075/1174 846/2074/1160 843/522/1159 842/2076/1175
f 845/525/1162 849/2072/1161 848/2069/1176 844/2073/1177
f 958/533/1178 959/534/1179 960/535/1180 961/536/1181
f 852/537/1182 851/538/1183 854/539/1184 853/540/1185
f 853/540/1185 854/539/1184 859/541/1186 860/542/1187
f 961/536/1181 960/535/1180 962/543/1188 963/544/1189
f 860/542/1187 859/541/1186 862/545/1190 861/546/1191
f 861/546/1191 862/545/1190 865/2023/1192 866/2068/1193
f 864/549/1194 863/550/1195 866/548/1193 865/2071/1192
f 91/517/1153 854/539/1184 851/538/1183 838/518/1154
f 839/527/1164 838/518/1154 851/538/1183 856/551/1196
f 962/543/1188 964/552/1197 965/553/1198 963/544/1189
f 913/481/1117 912/480/1116 918/554/1199 919/555/1200
f 928/556/1201 929/557/1202 920/496/1132 923/499/1135
f 811/507/1143 868/558/1203 869/559/1204 824/508/1144
f 825/513/1149 870/560/1205 871/561/1206 85/3/83
f 834/519/1155 837/2040/1165 872/2039/1156
f 837/528/1165 839/527/1164 873/2037/1207 872/520/1156
f 873/2037/1207 839/527/1164 856/551/1196 857/563/1208
f 875/564/1209 874/565/1210 876/2036/1211 877/567/1212
f 877/567/1212 876/2036/1211 883/2033/1213 882/569/1214
f 878/2034/1215 879/571/1216 882/569/1214 883/2033/1213
f 879/571/1216 878/2034/1215 880/4/84 881/572/1217
f 874/2021/1210 817/486/1122 816/489/1125 876/566/1211
f 822/494/1130 878/570/1215 883/568/1213 823/495/1131
f 876/566/1211 816/489/1125 823/495/1131 883/568/1213
f 878/570/1215 822/494/1130 83/1/81 880/2035/84
f 867/573/1218 875/564/1209 877/567/1212 868/558/1203
f 869/559/1204 868/558/1203 877/567/1212 882/569/1214
f 869/559/1204 882/569/1214 879/571/1216 870/560/1205
f 871/561/1206 870/560/1205 879/571/1216 881/572/1217
f 859/541/1186 854/539/1184 91/517/1153 884/574/1219
f 859/541/1186 884/574/1219 885/2030/1220 862/545/1190
f 850/2031/1163 885/2030/1220 884/574/1219 91/517/1153
f 889/576/1221 888/577/1222 886/578/1223 887/579/1224
f 902/580/1225 903/581/1226 908/582/1227 909/583/1228
f 891/584/1229 890/585/1230 888/577/1222 889/576/1221
f 893/586/1231 892/587/1232 890/585/1230 891/584/1229
f 895/2066/1233 894/589/1234 892/587/1232 893/586/1231
f 897/590/1235 896/591/1236 894/2067/1234 895/588/1233
f 905/592/1237 904/593/1238 906/594/1239 907/595/1240
f 903/581/1226 905/592/1237 907/595/1240 908/582/1227
f 898/596/1241 900/597/1242 843/522/1159 845/525/1162
f 846/523/1160 890/585/1230 892/587/1232 849/524/1161
f 894/2067/1234 896/591/1236 844/532/1177 848/2070/1176
f 886/578/1223 888/577/1222 847/529/1174 842/530/1175
f 842/530/1175 843/522/1159 900/597/1242 886/578/1223
f 896/591/1236 898/596/1241 845/525/1162 844/532/1177
f 846/523/1160 847/529/1174 888/577/1222 890/585/1230
f 848/531/1176 849/524/1161 892/587/1232 894/589/1234
f 863/550/1195 858/598/1243 899/599/1244 897/590/1235
f 853/540/1185 889/576/1221 887/579/1224 852/537/1182
f 891/584/1229 889/576/1221 853/540/1185 860/542/1187
f 893/586/1231 891/584/1229 860/542/1187 861/546/1191
f 895/2066/1233 893/586/1231 861/546/1191 866/2068/1193
f 866/548/1193 863/550/1195 897/590/1235 895/588/1233
f 855/600/1245 901/601/1246 899/599/1244 858/598/1243
f 887/579/1224 901/601/1246 855/600/1245 852/537/1182
f 886/578/1223 900/597/1242 903/581/1226 902/580/1225
f 904/593/1238 896/591/1236 897/590/1235 906/594/1239
f 898/596/1241 896/591/1236 904/593/1238 905/592/1237
f 900/597/1242 898/596/1241 905/592/1237 903/581/1226
f 897/590/1235 899/599/1244 907/595/1240 906/594/1239
f 899/599/1244 901/601/1246 908/582/1227 907/595/1240
f 902/580/1225 909/583/1228 887/579/1224 886/578/1223
f 901/601/1246 887/579/1224 909/583/1228 908/582/1227
f 880/4/84 85/3/83 871/561/1206 881/572/1217
f 814/602/1247 810/603/1248 912/480/1116 911/479/1115
f 811/507/1143 815/506/1142 910/478/1114 913/481/1117
f 818/491/1127 819/490/1126 915/483/1119 914/482/1118
f 819/490/1126 812/604/1249 916/484/1120 915/483/1119
f 813/510/1146 818/491/1127 914/482/1118 917/485/1121
f 812/604/1249 814/602/1247 911/479/1115 916/484/1120
f 815/506/1142 813/510/1146 917/485/1121 910/478/1114
f 810/603/1248 867/573/1218 918/554/1199 912/480/1116
f 867/573/1218 868/558/1203 919/555/1200 918/554/1199
f 868/558/1203 811/507/1143 913/481/1117 919/555/1200
f 825/513/1149 827/512/1148 921/497/1133 920/496/1132
f 826/509/1145 824/508/1144 923/499/1135 922/498/1134
f 827/512/1148 829/514/1150 924/500/1136 921/497/1133
f 828/511/1147 826/509/1145 922/498/1134 925/501/1137
f 829/514/1150 831/504/1140 926/502/1138 924/500/1136
f 831/504/1140 830/505/1141 927/503/1139 926/502/1138
f 830/505/1141 828/511/1147 925/501/1137 927/503/1139
f 869/559/1204 870/560/1205 929/557/1202 928/556/1201
f 870/560/1205 825/513/1149 920/496/1132 929/557/1202
f 824/508/1144 869/559/1204 928/556/1201 923/499/1135
f 948/605/1250 949/606/1251 950/607/1252 951/608/1253
f 949/606/1251 948/605/1250 952/609/1254 953/610/1255
f 953/610/1255 952/609/1254 954/611/1256 955/612/1257
f 955/612/1257 954/611/1256 956/613/1258 957/614/1259
f 936/615/1260 937/616/1261 939/617/1262 938/2028/1263
f 938/618/1263 939/2027/1262 941/619/1264 940/620/1265
f 940/620/1265 941/619/1264 942/621/1266 943/622/1267
f 943/2025/1267 942/2022/1266 947/623/1268 946/624/1269
f 945/625/1270 944/626/1271 946/624/1269 947/623/1268
f 88/7/87 89/6/86 932/627/1272 930/628/1273
f 935/629/1274 932/627/1272 89/6/86 90/9/89
f 93/16/96 94/15/95 936/615/1260 938/2028/1263
f 938/618/1263 940/620/1265 850/526/1163 93/2029/96
f 94/15/95 88/7/87 930/628/1273 936/615/1260
f 810/603/1248 814/602/1247 933/630/1275 934/631/1276
f 931/632/1277 933/630/1275 814/602/1247 812/604/1249
f 819/490/1126 820/2026/1123 939/617/1262 937/616/1261
f 937/616/1261 931/632/1277 812/604/1249 819/490/1126
f 820/487/1123 817/486/1122 941/619/1264 939/2027/1262
f 872/2039/1156 873/562/1207 935/629/1274 90/9/89
f 857/2038/1208 864/2041/1194 946/624/1269 944/626/1271
f 864/2041/1194 865/2024/1192 943/2025/1267 946/624/1269
f 817/486/1122 874/2021/1210 942/621/1266 941/619/1264
f 867/573/1218 810/603/1248 934/631/1276 945/625/1270
f 935/629/1274 873/562/1207 857/2038/1208 944/626/1271
f 947/623/1268 875/564/1209 867/573/1218 945/625/1270
f 942/2022/1266 874/565/1210 875/564/1209 947/623/1268
f 865/547/1192 862/2032/1190 885/575/1220 943/622/1267
f 943/622/1267 885/575/1220 850/526/1163 940/620/1265
f 931/632/1277 937/616/1261 950/607/1252 949/606/1251
f 937/616/1261 936/615/1260 951/608/1253 950/607/1252
f 936/615/1260 930/628/1273 948/605/1250 951/608/1253
f 930/628/1273 932/627/1272 952/609/1254 948/605/1250
f 933/630/1275 931/632/1277 949/606/1251 953/610/1255
f 932/627/1272 935/629/1274 954/611/1256 952/609/1254
f 934/631/1276 933/630/1275 953/610/1255 955/612/1257
f 935/629/1274 944/626/1271 956/613/1258 954/611/1256
f 944/626/1271 945/625/1270 957/614/1259 956/613/1258
f 945/625/1270 934/631/1276 955/612/1257 957/614/1259
f 851/538/1183 852/537/1182 959/534/1179 958/533/1178
f 852/537/1182 855/600/1245 960/535/1180 959/534/1179
f 856/551/1196 851/538/1183 958/533/1178 961/536/1181
f 855/600/1245 858/598/1243 962/543/1188 960/535/1180
f 857/563/1208 856/551/1196 961/536/1181 963/544/1189
f 858/598/1243 863/550/1195 964/552/1197 962/543/1188
f 863/550/1195 864/549/1194 965/553/1198 964/552/1197
f 864/549/1194 857/563/1208 963/544/1189 965/553/1198
s 9
f 207/1730/264 112/155/253 966/633/1278 210/173/269
f 197/148/246 206/147/245 209/170/266 967/634/1279
f 222/171/267 980/172/268 981/635/1280 968/636/1281
f 211/169/265 993/179/275 994/637/1282 209/170/266
f 981/635/1280 982/638/1283 969/639/1284 968/636/1281
f 967/634/1279 209/170/266 994/637/1282 995/640/1285
f 966/633/1278 112/155/253 997/192/288 998/641/1286
f 197/148/246 967/634/1279 1002/642/1287 1003/193/289
f 971/1849/257 970/1724/256 121/1734/136 126/1861/139
f 972/161/259 971/159/257 126/59/139 269/236/333
f 269/236/333 264/235/332 973/162/260 972/161/259
f 974/285/382 973/162/260 264/235/332 308/305/402
f 1106/279/376 1107/242/339 309/245/342 975/280/377
f 976/99/179 975/280/377 309/245/342 267/234/331
f 977/100/180 976/99/179 267/234/331 268/233/330
f 127/62/142 978/1846/144 977/100/180 268/233/330
f 123/1731/141 979/1722/145 978/64/144 127/1860/142
f 980/172/268 979/65/145 123/61/141 212/174/270
f 981/635/1280 980/172/268 212/174/270 210/173/269
f 210/173/269 966/633/1278 982/638/1283 981/635/1280
f 984/1844/286 983/1720/285 226/1725/255 225/1850/254
f 985/185/281 984/190/286 225/1851/254 270/164/262
f 270/164/262 263/163/261 986/186/282 985/185/281
f 987/303/400 986/186/282 263/163/261 310/284/381
f 1104/282/379 1105/278/375 311/281/378 988/283/380
f 989/182/278 988/283/380 311/281/378 266/98/178
f 990/183/279 989/182/278 266/98/178 265/97/177
f 224/67/147 991/1842/276 990/183/279 265/97/177
f 224/1847/147 223/1859/146 992/1718/274 991/180/276
f 993/179/275 992/178/274 223/1723/146 222/171/267
f 994/637/1282 993/179/275 222/171/267 968/636/1281
f 995/640/1285 994/637/1282 968/636/1281 969/639/1284
f 982/638/1283 966/633/1278 998/641/1286 999/643/1288
f 967/634/1279 995/640/1285 1001/644/1289 1002/642/1287
f 969/639/1284 982/638/1283 999/643/1288 1000/645/1290
f 995/640/1285 969/639/1284 1000/645/1290 1001/644/1289
f 997/192/288 996/1969/287 231/195/291 232/194/290
f 998/641/1286 997/192/288 232/194/290 233/198/294
f 999/643/1288 998/641/1286 233/198/294 235/201/297
f 1000/645/1290 999/643/1288 235/201/297 234/200/296
f 1001/644/1289 1000/645/1290 234/200/296 238/208/304
f 1002/642/1287 1001/644/1289 238/208/304 237/206/302
f 1003/193/289 1002/642/1287 237/206/302 236/204/300
f 996/191/287 1003/193/289 236/204/300 231/1970/291
f 1005/220/316 1004/1977/315 255/326/1291 256/327/1292
f 1006/222/318 1005/220/316 256/327/1292 257/328/1293
f 1007/225/321 1006/222/318 257/328/1293 259/329/1294
f 1008/226/322 1007/225/321 259/329/1294 258/330/1295
f 1009/232/329 1008/226/322 258/330/1295 262/324/1296
f 1010/230/327 1009/232/329 262/324/1296 261/323/1297
f 1011/228/324 1010/230/327 261/323/1297 260/325/1298
f 1004/219/325 1011/228/324 260/325/1298 255/1978/1299
f 1026/646/1300 1027/647/1301 154/648/1302 151/649/1303
f 151/649/1303 149/650/1304 1034/651/1305 1026/646/1300
f 149/650/1304 216/652/1306 1033/653/1307 1034/651/1305
f 1032/654/1308 1033/653/1307 216/652/1306 150/655/1309
f 150/655/1309 152/656/1310 1031/657/1311 1032/654/1308
f 152/656/1310 153/658/1312 1030/659/1313 1031/657/1311
f 153/658/1312 1024/660/1314 1030/659/1313
f 1028/661/1315 1029/662/1316 1023/663/1317 1025/664/1318
f 1090/665/1319 1091/666/1320 1022/667/1321 275/668/1322
f 1022/667/1321 278/1751/1323 275/668/1322
f 1025/1876/1318 154/648/1302 1027/647/1301 1028/1877/1315
f 154/648/1302 1025/1876/1318 1049/1875/1324 350/671/1325
f 1025/664/1318 1023/663/1317 1022/1749/1321 1049/1748/1324
f 278/669/1323 1022/1749/1321 1023/663/1317 1024/660/1314
f 1013/446/1081 1012/445/1080 1027/647/1301 1026/646/1300
f 1028/1877/1315 1027/647/1301 1012/445/1080 1020/1878/1085
f 1020/450/1085 1019/672/1326 1029/662/1316 1028/661/1315
f 1030/659/1313 1029/662/1316 1019/672/1326 1018/673/1327
f 1031/657/1311 1030/659/1313 1067/674/1328 1062/675/1329
f 1032/654/1308 1031/657/1311 1017/676/1330 1016/677/1331
f 1016/677/1331 1015/452/1087 1033/653/1307 1032/654/1308
f 1034/651/1305 1033/653/1307 1015/452/1087 1014/448/1083
f 1026/646/1300 1034/651/1305 1014/448/1083 1013/446/1081
f 1041/238/335 1042/678/1332 279/239/336
f 145/93/173 146/92/172 1046/1755/1333 1047/1753/1334
f 146/92/172 217/1831/174 1045/1832/1335 1046/1755/1333
f 147/95/175 148/96/176 1043/1758/1336 1044/1757/1337
f 217/94/174 147/95/175 1044/1757/1337 1045/1756/1335
f 148/96/176 279/239/336 1042/678/1332 1043/1758/1336
f 302/300/397 145/93/173 1047/1753/1334 1035/350/488
f 1036/1759/374 1035/1754/488 154/648/1302 350/671/1325
f 1093/684/1338 1094/276/373 1036/277/374 350/1750/1325
f 1116/241/338 1090/665/1319 275/668/1322 1040/237/334
f 275/668/1322 278/1751/1323 1041/238/335 1040/237/334
f 278/1751/1323 1042/678/1332 1041/238/335
f 1043/682/1336 1042/1752/1332 153/658/1312 152/656/1310
f 1044/683/1337 1043/682/1336 152/656/1310 150/655/1309
f 1045/681/1335 1044/683/1337 150/655/1309 216/652/1306
f 1046/679/1333 1045/681/1335 216/652/1306 149/650/1304
f 1047/680/1334 1046/679/1333 149/650/1304 151/649/1303
f 1035/1754/488 1047/680/1334 151/649/1303 154/648/1302
f 1042/1752/1332 278/669/1323 1024/660/1314 153/658/1312
f 1049/1863/1324 1092/685/1339 1093/684/1338 350/1750/1325
f 1091/666/1320 1092/1862/1339 1049/670/1324 1022/667/1321
f 1030/659/1313 1024/660/1314 1023/663/1317 1029/662/1316
f 1019/672/1326 1020/450/1085 778/451/1086 1050/686/1340
f 1016/677/1331 1017/676/1330 1052/687/1341 1051/688/1342
f 1017/676/1330 1062/675/1329 1063/689/1343 1052/687/1341
f 1018/673/1327 1019/672/1326 1050/686/1340 1053/690/1344
f 1058/691/1345 1059/692/1346 1055/693/1347 1054/694/1348
f 1059/692/1346 1064/695/1349 1065/696/1350 1055/693/1347
f 1060/697/1351 1061/698/1352 1057/699/1353 1056/700/1354
f 1055/693/1347 1065/696/1350 1066/701/1355 1054/694/1348
f 1051/688/1342 1052/687/1341 1059/692/1346 1058/691/1345
f 1052/687/1341 1063/689/1343 1064/695/1349 1059/692/1346
f 1053/690/1344 1050/686/1340 1061/698/1352 1060/697/1351
f 1063/689/1343 1062/675/1329 1067/674/1328 1068/702/1356
f 1064/695/1349 1063/689/1343 1068/702/1356 1069/703/1357
f 1065/696/1350 1064/695/1349 1069/703/1357 1070/704/1358
f 1066/701/1355 1065/696/1350 1070/704/1358 1071/705/1359
f 1068/702/1356 1067/674/1328 1018/673/1327 1053/690/1344
f 1069/703/1357 1068/702/1356 1053/690/1344 1060/697/1351
f 1070/704/1358 1069/703/1357 1060/697/1351 1056/700/1354
f 1071/705/1359 1070/704/1358 1056/700/1354 1057/699/1353
f 1067/674/1328 1030/659/1313 1018/673/1327
f 1031/657/1311 1062/675/1329 1017/676/1330
f 1016/677/1331 1051/688/1342 776/453/1088 1015/452/1087
f 1066/701/1355 1071/705/1359 1073/706/1360 1072/707/1361
f 1072/707/1361 1073/706/1360 156/101/181 162/117/197
f 1066/701/1355 1072/707/1361 1074/708/1362 1054/694/1348
f 1073/706/1360 1071/705/1359 1057/699/1353 1075/709/1363
f 1072/707/1361 162/117/197 161/115/195 1074/708/1362
f 156/101/181 1073/706/1360 1075/709/1363 155/102/182
f 1051/688/1342 1058/691/1345 791/467/1102 776/453/1088
f 1058/691/1345 1054/694/1348 790/468/1103 791/467/1102
f 1054/694/1348 1074/708/1362 780/455/1090 790/468/1103
f 1074/708/1362 161/115/195 215/114/194 780/455/1090
f 1050/686/1340 778/451/1086 792/466/1101 1061/698/1352
f 1061/698/1352 792/466/1101 793/465/1100 1057/699/1353
f 1057/699/1353 793/465/1100 779/458/1093 1075/709/1363
f 1075/709/1363 779/458/1093 157/105/185 155/102/182
f 208/165/263 284/249/346 524/442/1364 525/1798/1365
f 287/251/348 288/253/350 522/440/1366 523/441/1367
f 521/439/1368 110/36/116 112/1729/253 527/1797/1369
f 525/1798/1365 526/443/1370 207/166/264 208/165/263
f 522/440/1366 288/253/350 111/37/117 520/438/1371
f 207/166/264 526/443/1370 527/1797/1369 112/1729/253
f 524/442/1364 284/249/346 287/251/348 523/441/1367
f 111/37/117 110/36/116 521/439/1368 520/438/1371
f 1077/31/111 1076/30/110 135/87/167 136/86/166
f 1080/38/118 1079/290/387 290/254/351 133/84/164
f 1081/39/119 1080/38/118 133/84/164 134/82/162
f 219/1836/161 1082/1829/148 1081/39/119 134/82/162
f 1083/54/134 1082/68/148 219/81/161 131/77/157
f 1084/55/135 1083/54/134 131/77/157 132/76/156
f 300/274/371 1085/271/368 1084/55/135 132/76/156
f 1096/273/370 1097/270/367 1085/271/368 300/274/371
f 1087/46/126 1086/289/1372 1614/297/394 130/73/153
f 1088/47/127 1087/46/126 130/73/153 129/72/152
f 229/1828/170 1089/1827/151 1088/47/127 129/72/152
f 1076/30/110 1089/71/151 229/90/170 135/87/167
f 288/253/350 1112/252/349 480/427/1373 481/428/1374
f 478/425/1375 479/426/1376 289/296/393 1078/295/392
f 291/298/395 477/424/1377 478/425/1375 1078/295/392
f 290/254/351 476/423/1378 475/422/1379 1113/255/352
f 1079/290/387 482/429/1380 476/423/1378 290/254/351
f 288/253/350 481/428/1374 482/429/1380 1079/290/387
f 1021/1747/1381 1091/666/1320 1090/665/1319 276/711/1382
f 1048/1738/1383 1092/1862/1339 1091/666/1320 1021/1747/1381
f 1093/684/1338 1092/685/1339 1048/1864/1383 351/713/1384
f 1037/1736/1385 1094/276/373 1093/684/1338 351/713/1384
f 1613/349/487 1095/272/369 1094/276/373 1037/1736/1385
f 1614/297/394 1096/273/370 1095/272/369 1613/349/487
f 1086/289/1372 1097/270/367 1096/273/370 1614/297/394
f 299/288/385 1098/267/364 1097/270/367 1086/289/386
f 1099/268/365 1098/267/364 299/288/385 307/301/398
f 304/302/399 1100/264/361 1099/268/365 307/301/398
f 297/286/383 1101/262/359 1100/264/361 304/302/399
f 295/1841/384 1102/1840/356 1101/262/359 297/286/383
f 1103/260/357 1102/259/356 295/287/384 313/304/401
f 987/303/400 1104/282/379 1103/260/357 313/304/401
f 310/284/381 1105/278/375 1104/282/379 987/303/400
f 974/285/382 1106/279/376 1105/278/375 310/284/381
f 308/305/402 1107/242/339 1106/279/376 974/285/382
f 280/292/389 1108/1838/340 1107/242/339 308/305/402
f 1109/246/343 1108/243/340 280/1854/389 283/291/388
f 1110/248/345 1109/246/343 283/291/388 285/294/391
f 1111/250/347 1110/248/345 285/294/391 286/293/390
f 1112/252/349 1111/250/347 286/293/390 289/296/393
f 480/427/1373 1112/252/349 289/296/393 479/426/1376
f 1113/255/352 475/422/1379 477/424/1377 291/298/395
f 1114/256/353 1113/255/352 291/298/395 293/299/396
f 1115/240/337 1114/256/353 293/299/396 277/715/1386
f 1039/716/1387 1116/241/338 1115/240/337 277/715/1386
f 276/711/1382 1090/665/1319 1116/241/338 1039/716/1387
f 106/28/108 289/296/393 1118/1796/1388 1117/1793/1389
f 289/296/393 286/293/390 1119/410/1390 1118/1796/1388
f 286/293/390 109/32/112 1120/411/1391 1119/410/1390
f 109/32/112 106/28/108 1117/1793/1389 1120/411/1391
f 291/298/395 1078/295/392 1121/434/1392 1122/1790/1393
f 1078/295/392 1077/31/111 1123/435/1394 1121/434/1392
f 1077/31/111 136/86/166 1124/1789/1395 1123/435/1394
f 136/86/166 291/298/395 1122/1790/1393 1124/1789/1395
f 201/34/114 285/294/391 1127/421/1396 1126/420/1397
f 285/294/391 283/291/388 1128/418/1398 1127/421/1396
f 283/291/388 122/57/137 1125/419/1399 1128/418/1398
f 122/57/137 201/34/114 1126/420/1397 1125/419/1399
s 88
f 713/1473/1400 714/1474/1401 1131/1475/1402 1130/1476/1403
f 714/1474/1401 715/1477/1404 1132/1257/1405 1131/1475/1402
f 715/1477/1404 716/1480/1406 1133/1251/1407 1132/1257/1405
f 716/1480/1406 717/1482/1408 1134/1252/1409 1133/1251/1407
f 717/1482/1408 718/1484/1410 1135/1255/1411 1134/1252/1409
f 718/1484/1410 719/1486/1412 1136/1259/1413 1135/1255/1411
f 719/1486/1412 720/1488/1414 1137/1261/1415 1136/1259/1413
f 720/1488/1414 721/1490/1416 1138/1263/1417 1137/1261/1415
f 721/1490/1416 722/1492/1418 1139/1265/1419 1138/1263/1417
f 722/1492/1418 712/1494/1420 1129/1495/1421 1139/1265/1419
f 724/1487/1422 723/1485/1423 1140/1268/1424 1141/1267/1425
f 723/1485/1423 725/1483/1426 1142/1271/1427 1140/1268/1424
f 725/1483/1426 726/1481/1428 1143/1275/1429 1142/1271/1427
f 726/1481/1428 727/1478/1430 1144/1479/1431 1143/1275/1429
f 727/1478/1430 713/1473/1400 1130/1476/1403 1144/1479/1431
f 712/1494/1420 728/1496/1432 1145/1281/1433 1129/1495/1421
f 728/1496/1432 729/1493/1434 1146/1279/1435 1145/1281/1433
f 729/1493/1434 730/1491/1436 1147/1277/1437 1146/1279/1435
f 730/1491/1436 731/1489/1438 1148/1273/1439 1147/1277/1437
f 731/1489/1438 724/1487/1422 1141/1267/1425 1148/1273/1439
s off
f 1130/1476/1440 1131/1475/1441 1151/1530/1442 1150/1531/1443
f 1131/1475/1444 1132/1257/1445 1152/1258/1446 1151/1530/1447
f 1132/1257/1448 1133/1251/1449 1153/1254/1450 1152/1258/1451
f 1133/1251/1452 1134/1252/1453 1154/1253/1454 1153/1254/1455
f 1134/1252/1456 1135/1255/1457 1155/1256/1458 1154/1253/1459
f 1135/1255/1460 1136/1259/1461 1156/1260/1462 1155/1256/1463
f 1136/1259/1464 1137/1261/1465 1157/1262/1466 1156/1260/1467
f 1137/1261/1468 1138/1263/1469 1158/1264/1470 1157/1262/1471
f 1138/1263/1472 1139/1265/1473 1159/1266/1474 1158/1264/1475
f 1139/1265/1476 1129/1495/1477 1149/1533/1478 1159/1266/1479
f 1141/1267/1480 1140/1268/1481 1160/1269/1482 1161/1270/1483
f 1140/1268/1484 1142/1271/1485 1162/1272/1486 1160/1269/1487
f 1142/1271/1488 1143/1275/1489 1163/1276/1490 1162/1272/1491
f 1143/1275/1492 1144/1479/1493 1164/1532/1494 1163/1276/1495
f 1144/1479/1496 1130/1476/1497 1150/1531/1498 1164/1532/1499
f 1129/1495/1500 1145/1281/1501 1165/1282/1502 1149/1533/1503
f 1145/1281/1504 1146/1279/1505 1166/1280/1506 1165/1282/1507
f 1146/1279/1508 1147/1277/1509 1167/1278/1510 1166/1280/1511
f 1147/1277/1512 1148/1273/1513 1168/1274/1514 1167/1278/1515
f 1148/1273/1516 1141/1267/1517 1161/1270/1518 1168/1274/1519
s 9
f 137/74/154 1170/717/1520 1169/718/1521 138/75/155
f 1171/1824/1522 1172/720/1523 144/88/168 230/1826/171
f 144/88/168 1172/720/1523 1173/721/1524 143/89/169
f 1174/722/1525 1177/1778/1526 1176/1784/1527 1175/725/1528
f 1175/725/1528 1176/1784/1527 1179/1783/1529 1178/1873/1530
f 1178/727/1530 1179/1874/1529 1181/1782/1531 1180/729/1532
f 1180/729/1532 1181/1782/1531 1183/1781/1533 1182/731/1534
f 1182/731/1534 1183/1781/1533 1185/1776/1535 1184/733/1536
f 1186/734/1537 1189/1780/1538 1188/736/1539 1187/737/1540
f 1188/736/1539 1189/1780/1538 1191/1779/1541 1190/739/1542
f 1190/739/1542 1191/1779/1541 1177/1778/1526 1174/722/1525
s 92
f 1177/723/1543 1193/740/1544 1192/741/1545 1176/724/1546
f 1176/724/1546 1192/741/1545 1194/742/1547 1179/726/1548
f 1179/1954/1548 1194/1953/1547 1195/743/1549 1181/728/1550
f 1181/728/1550 1195/743/1549 1196/744/1551 1183/730/1552
f 1183/730/1552 1196/744/1551 1197/745/1553 1185/732/1554
f 1198/746/1555 1199/747/1556 1189/735/1557 1186/1777/1558
f 1189/735/1557 1199/747/1556 1200/748/1559 1191/738/1560
f 1191/738/1560 1200/748/1559 1193/740/1544 1177/723/1543
s 94
f 1193/740/1561 1202/749/1562 1201/750/1563 1192/741/1564
f 1192/741/1564 1201/750/1563 1203/751/1565 1194/742/1566
f 1194/1953/1566 1203/1951/1565 1204/752/1567 1195/743/1568
f 1195/743/1568 1204/752/1567 1205/753/1569 1196/744/1570
f 1196/744/1570 1205/753/1569 1206/754/1571 1197/745/1572
f 1207/755/1573 1199/747/1574 1198/746/1575
f 1199/747/1574 1207/755/1573 1208/756/1576 1200/748/1577
f 1200/748/1577 1208/756/1576 1202/749/1562 1193/740/1561
f 1209/757/1578 1212/1915/1579 1211/1910/1580 1210/760/1581
f 1201/750/1563 1214/761/1582 1213/1914/1583 1203/751/1565
f 1215/763/1584 1218/764/1585 1217/1916/1586 1216/766/1587
f 1216/766/1587 1217/1916/1586 1212/1915/1579 1209/757/1578
f 1206/754/1571 1221/1912/1588 1220/1939/1589 1219/1936/1590 1207/755/1573
f 1197/745/1572 1206/754/1571 1207/755/1573 1198/746/1575
s 92
f 1185/732/1554 1197/745/1553 1198/746/1555 1186/1777/1558
s 9
f 1184/733/1536 1185/1776/1535 1186/734/1537 1187/737/1540
f 138/75/155 1169/718/1521 1171/719/1522 230/91/171
f 1039/716/1387 277/715/1386 1222/770/1591
f 143/89/169 1173/721/1524 277/715/1386 293/299/396
s 94
f 1201/750/1563 1223/771/1592 1214/761/1582
s 98
f 1224/772/1593 1226/773/1594 1225/1887/1595
f 1227/1888/1596 1229/776/1597 1228/1890/1598
f 1225/1887/1595 1226/773/1594 1229/776/1597 1227/1888/1596
s 94
f 1203/1951/1565 1213/1952/1583 1230/1913/1599 1204/752/1567
f 1204/752/1567 1230/1913/1599 1231/1911/1600 1205/753/1569
f 1205/753/1569 1231/1911/1600 1221/1912/1588 1206/754/1571
s 98
f 1232/1892/1601 1233/1893/1602 1226/773/1594
f 1229/776/1597 1235/1894/1603 1234/1891/1604
f 1226/773/1594 1233/1893/1602 1235/1894/1603 1229/776/1597
s 99
f 1211/759/1605 1232/780/1606 1224/1886/1607 1214/1909/1608
f 1212/758/1609 1233/781/1610 1232/780/1606 1211/759/1605
f 1217/765/1611 1235/782/1612 1233/781/1610 1212/758/1609
f 1218/1907/1613 1234/783/1614 1235/782/1612 1217/765/1611
f 1228/777/1615 1234/783/1614 1218/1907/1613 1237/1908/1616 1236/1906/1617
f 1221/767/1618 1238/786/1619 1228/777/1615 1236/1906/1617 1220/1905/1620
f 1231/779/1621 1227/775/1622 1238/786/1619 1221/767/1618
f 1230/778/1623 1225/774/1624 1227/775/1622 1231/779/1621
f 1213/2341/1625 1239/2342/1626 1225/774/1624 1230/778/1623
f 1214/1909/1608 1224/1886/1607 1239/787/1626 1213/762/1625
s 98
f 1224/772/1593 1232/1892/1601 1226/773/1594
f 1229/776/1597 1234/1891/1604 1228/1890/1598
s 9
f 301/348/486 1613/349/487 1037/1736/1385 1038/788/1627
f 301/348/486 1170/717/1520 137/74/154
s 94
f 1240/1960/1628 1210/760/1581 1211/1910/1580 1214/1959/1582
s 100
f 1223/1938/1629 1242/790/1630 1241/791/1631 1240/789/1632
f 1242/790/1630 1244/792/1633 1243/793/1634 1241/791/1631
f 1245/794/1635 1248/795/1636 1247/796/1637 1246/797/1638
f 1246/797/1638 1243/793/1634 1244/792/1633 1245/794/1635
s 94
f 1202/749/1562 1249/1935/1639 1223/771/1592 1201/750/1563
f 1207/755/1573 1251/1937/1640 1250/1934/1641 1208/756/1576
f 1251/1937/1640 1207/755/1573 1219/1936/1590
f 1208/756/1576 1250/1934/1641 1249/1935/1639 1202/749/1562
f 1252/1929/1642 1209/757/1578 1210/760/1581 1240/1960/1628
f 1253/1931/1643 1215/763/1584 1216/766/1587 1254/1930/1644
f 1218/764/1585 1215/763/1584 1253/1931/1643 1237/1932/1645
f 1254/1930/1644 1216/766/1587 1209/757/1578 1252/1929/1642
f 1240/1933/1628 1214/761/1582 1223/771/1592
s off
f 1220/768/1646 1236/785/1647 1247/796/1648 1248/795/1649
s 101
f 1240/789/1650 1241/791/1651 1252/801/1652
s 102
f 1249/798/1653 1242/790/1654 1223/1938/1655
s 101
f 1252/801/1652 1241/791/1651 1243/793/1656 1254/803/1657
s 102
f 1250/800/1658 1244/792/1659 1242/790/1654 1249/798/1653
s 101
f 1253/802/1660 1246/797/1661 1247/796/1662 1237/784/1663
s 102
f 1219/769/1664 1248/795/1665 1245/794/1666 1251/799/1667
f 1251/799/1667 1245/794/1666 1244/792/1659 1250/800/1658
s 101
f 1254/803/1657 1243/793/1656 1246/797/1661 1253/802/1660
s off
f 1220/768/1668 1248/795/1669 1219/769/1670
f 1237/784/1671 1247/796/1672 1236/785/1673
f 1225/1887/1674 1239/1885/1675 1224/772/1676
f 1228/1890/1677 1238/1889/1678 1227/1888/1679
s 9
f 1255/804/1680 1258/805/1681 1257/806/1682 1256/807/1683
f 1257/806/1682 1258/805/1681 1260/808/1684 1259/809/1685
f 1261/1866/1686 1262/1872/1687 1255/804/1680 1256/807/1683
f 1259/809/1685 1260/808/1684 1264/812/1688 1263/813/1689
f 1265/814/1690 1184/733/1536 1187/737/1540 1266/815/1691
f 1267/816/1692 1182/731/1534 1184/733/1536 1265/814/1690
f 1268/817/1693 1180/729/1532 1182/731/1534 1267/816/1692
f 1269/1870/1694 1178/727/1530 1180/729/1532 1268/817/1693
f 1270/819/1695 1273/820/1696 1272/821/1697 1271/822/1698
f 1271/822/1698 1275/823/1699 1274/824/1700 1270/819/1695
f 1273/820/1696 1277/1871/1701 1276/1869/1702 1272/821/1697
f 1275/823/1699 1279/827/1703 1278/828/1704 1274/824/1700
f 1258/805/1681 1255/804/1680 1273/820/1696 1270/819/1695
f 1270/819/1695 1274/824/1700 1260/808/1684 1258/805/1681
f 1274/824/1700 1278/828/1704 1264/812/1688 1260/808/1684
f 1255/804/1680 1262/1872/1687 1277/1871/1701 1273/820/1696
f 1276/1869/1702 1269/1870/1694 1268/817/1693 1272/821/1697
f 1272/821/1697 1268/817/1693 1267/816/1692 1271/822/1698
f 1271/822/1698 1267/816/1692 1265/814/1690 1275/823/1699
f 1275/823/1699 1265/814/1690 1266/815/1691 1279/827/1703
f 1280/829/1705 1282/830/1706 303/831/1707 1281/832/1708
f 1282/830/1706 1280/829/1705 1284/833/1709 1283/834/1710
f 1283/834/1710 1284/833/1709 1286/835/1711 1285/836/1712
f 1287/837/1713 1288/838/1714 1285/836/1712 1286/835/1711
f 1288/838/1714 1287/837/1713 1290/839/1715 1289/840/1716
f 1289/840/1716 1290/839/1715 1292/841/1717 1291/842/1718
f 1291/842/1718 1292/841/1717 1293/843/1719
f 1294/844/1720 1297/1868/1721 1296/846/1722 1295/847/1723
f 1021/1747/1381 276/711/1382 1298/848/1724
f 1297/845/1721 1294/1865/1720 1281/832/1708 303/831/1707
f 303/831/1707 351/1739/1384 1048/712/1383 1297/845/1721
f 1297/1868/1721 1048/1867/1383 1021/710/1381 1296/846/1722
f 1298/1740/1724 1293/843/1719 1296/846/1722 1021/710/1381
f 1257/806/1682 1280/829/1705 1281/832/1708 1256/807/1683
f 1294/1865/1720 1261/1866/1686 1256/807/1683 1281/832/1708
f 1261/810/1686 1294/844/1720 1295/847/1723 1299/849/1725
f 1292/841/1717 1300/850/1726 1299/849/1725 1295/847/1723
f 1290/839/1715 1302/851/1727 1301/852/1728 1292/841/1717
f 1287/837/1713 1304/853/1729 1303/854/1730 1290/839/1715
f 1304/853/1729 1287/837/1713 1286/835/1711 1263/813/1689
f 1284/833/1709 1259/809/1685 1263/813/1689 1286/835/1711
f 1280/829/1705 1257/806/1682 1259/809/1685 1284/833/1709
f 1222/770/1591 277/715/1386 1305/1741/1731
f 1170/717/1520 1307/1742/1732 1306/1746/1733 1169/718/1521
f 1169/718/1521 1306/1746/1733 1308/1745/1734 1171/719/1522
f 1172/720/1523 1310/1744/1735 1309/1743/1736 1173/721/1524
f 1171/1824/1522 1308/1825/1734 1310/1744/1735 1172/720/1523
f 1173/721/1524 1309/1743/1736 1305/1741/1731 277/715/1386
f 301/348/486 1038/788/1627 1307/1742/1732 1170/717/1520
f 1037/714/1385 351/1739/1384 303/831/1707 1038/1737/1627
f 276/711/1382 1039/716/1387 1222/770/1591 1298/848/1724
f 1298/848/1724 1222/770/1591 1305/1741/1731
f 1309/860/1736 1289/840/1716 1291/842/1718 1305/855/1731
f 1310/859/1735 1288/838/1714 1289/840/1716 1309/860/1736
f 1308/858/1734 1285/836/1712 1288/838/1714 1310/859/1735
f 1306/857/1733 1283/834/1710 1285/836/1712 1308/858/1734
f 1307/856/1732 1282/830/1706 1283/834/1710 1306/857/1733
f 1038/1737/1627 303/831/1707 1282/830/1706 1307/856/1732
f 1305/855/1731 1291/842/1718 1293/843/1719 1298/1740/1724
f 1292/841/1717 1295/847/1723 1296/846/1722 1293/843/1719
f 1299/849/1725 1311/861/1737 1262/811/1687 1261/810/1686
f 1304/853/1729 1313/862/1738 1312/863/1739 1303/854/1730
f 1303/854/1730 1312/863/1739 1314/864/1740 1302/851/1727
f 1300/850/1726 1315/865/1741 1311/861/1737 1299/849/1725
f 1316/866/1742 1319/867/1743 1318/868/1744 1317/869/1745
f 1317/869/1745 1318/868/1744 1321/870/1746 1320/871/1747
f 1322/872/1748 1325/873/1749 1324/874/1750 1323/875/1751
f 1318/868/1744 1319/867/1743 1326/876/1752 1321/870/1746
f 1313/862/1738 1316/866/1742 1317/869/1745 1312/863/1739
f 1312/863/1739 1317/869/1745 1320/871/1747 1314/864/1740
f 1315/865/1741 1322/872/1748 1323/875/1751 1311/861/1737
f 1314/864/1740 1327/877/1753 1301/852/1728 1302/851/1727
f 1320/871/1747 1328/878/1754 1327/877/1753 1314/864/1740
f 1321/870/1746 1329/879/1755 1328/878/1754 1320/871/1747
f 1326/876/1752 1330/880/1756 1329/879/1755 1321/870/1746
f 1327/877/1753 1315/865/1741 1300/850/1726 1301/852/1728
f 1328/878/1754 1322/872/1748 1315/865/1741 1327/877/1753
f 1329/879/1755 1325/873/1749 1322/872/1748 1328/878/1754
f 1330/880/1756 1324/874/1750 1325/873/1749 1329/879/1755
f 1301/852/1728 1300/850/1726 1292/841/1717
f 1290/839/1715 1303/854/1730 1302/851/1727
f 1304/853/1729 1263/813/1689 1264/812/1688 1313/862/1738
f 1326/876/1752 1332/881/1757 1331/882/1758 1330/880/1756
f 1332/881/1757 1190/739/1542 1174/722/1525 1331/882/1758
f 1326/876/1752 1319/867/1743 1333/883/1759 1332/881/1757
f 1331/882/1758 1334/884/1760 1324/874/1750 1330/880/1756
f 1332/881/1757 1333/883/1759 1188/736/1539 1190/739/1542
f 1174/722/1525 1175/725/1528 1334/884/1760 1331/882/1758
f 1313/862/1738 1264/812/1688 1278/828/1704 1316/866/1742
f 1316/866/1742 1278/828/1704 1279/827/1703 1319/867/1743
f 1319/867/1743 1279/827/1703 1266/815/1691 1333/883/1759
f 1333/883/1759 1266/815/1691 1187/737/1540 1188/736/1539
f 1311/861/1737 1323/875/1751 1277/825/1701 1262/811/1687
f 1323/875/1751 1324/874/1750 1276/826/1702 1277/825/1701
f 1324/874/1750 1334/884/1760 1269/818/1694 1276/826/1702
f 1334/884/1760 1175/725/1528 1178/1873/1530 1269/818/1694
s 106
f 1335/2020/1761 1338/886/1762 1337/887/1763 1336/888/1764
f 1339/889/1765 1342/890/1766 1341/891/1767 1340/892/1768
f 1343/893/1769 1344/894/1770 1339/889/1765 1340/892/1768
f 1345/895/1771 1335/2020/1761 1336/888/1764 1347/896/1772 1346/897/1773
f 1348/898/1774 1350/1997/1775 1349/900/1776
f 1350/899/1775 1348/2017/1774 1352/901/1777 1351/2010/1778
f 1349/900/1776 1341/891/1767 1342/890/1766
f 1349/900/1776 1342/890/1766 1348/898/1774
f 1348/2017/1774 1353/903/1779 1352/901/1777
f 1344/894/1770 1355/1769/1780 1354/1775/1781 1339/889/1765
f 1356/1773/1782 1358/1770/1783 1357/2012/1784 1353/903/1779
f 1339/889/1765 1354/1775/1781 1359/1774/1785 1342/890/1766
f 1342/890/1766 1359/1774/1785 1360/1772/1786
f 1361/2018/1787 1356/1773/1782 1353/903/1779 1348/2017/1774
f 1360/1772/1786 1361/1771/1787 1348/898/1774 1342/890/1766
s 9
f 203/150/248 1363/912/1788 1362/913/1789 196/43/123
f 1364/914/1790 1365/915/1791 970/158/256 226/157/255
f 121/56/136 1367/916/1792 1366/917/1793 202/35/115
f 196/43/123 1362/913/1789 1368/918/1794 983/189/285
f 108/167/113 1370/919/1795 1369/920/1796 227/160/258
f 227/1968/258 1369/1963/1796 1371/921/1797 200/168/251
f 1372/922/1798 1375/923/1799 1374/924/1800 1373/1964/1801
f 1376/926/1802 1377/927/1803 1375/923/1799 1372/922/1798
f 1378/928/1804 1381/929/1805 1380/930/1806 1379/931/1807
f 1379/931/1807 1380/930/1806 1377/927/1803 1376/926/1802
f 1373/925/1801 1374/1967/1800 1383/932/1808 1382/933/1809
f 1382/933/1809 1383/932/1808 1385/934/1810 1384/935/1811
f 1384/935/1811 1385/934/1810 1387/936/1812 1386/937/1813
f 1386/937/1813 1387/936/1812 1381/929/1805 1378/928/1804
f 1375/923/1799 1389/938/1814 1388/939/1815 1374/924/1800
f 1377/927/1803 1390/940/1816 1389/938/1814 1375/923/1799
f 1381/929/1805 1392/941/1817 1391/942/1818 1380/930/1806
f 1380/930/1806 1391/942/1818 1390/940/1816 1377/927/1803
f 1374/1967/1800 1388/1965/1815 1393/943/1819 1383/932/1808
f 1387/936/1812 1394/944/1820 1392/941/1817 1381/929/1805
f 1395/945/1821 1398/946/1822 1397/947/1823 1396/1966/1824
f 1399/949/1825 1400/950/1826 1398/946/1822 1395/945/1821
f 1401/951/1827 1404/952/1828 1403/953/1829 1402/954/1830
f 1402/954/1830 1403/953/1829 1400/950/1826 1399/949/1825
f 1396/948/1824 1397/1975/1831 1406/955/1832 1405/956/1833
f 1405/956/1833 1406/955/1832 1408/957/1834 1407/958/1835
f 1407/958/1835 1408/957/1834 1410/959/1836 1409/960/1837
f 1409/960/1837 1410/959/1836 1404/952/1828 1401/951/1827
s 114
f 1411/961/1838 1414/962/1839 1413/963/1840 1412/964/1841
f 1412/964/1841 1413/963/1840 1416/965/1842 1415/966/1843
f 1415/966/1843 1416/965/1842 1418/967/1844 1417/1981/1845
f 1417/968/1845 1418/1979/1844 1420/969/1846 1419/970/1847
f 1419/970/1847 1420/969/1846 1422/971/1848 1421/972/1849
f 1421/972/1849 1422/971/1848 1424/973/1850 1423/974/1851
f 1423/974/1851 1424/973/1850 1426/975/1852 1425/976/1853
f 1425/976/1853 1426/975/1852 1414/962/1839 1411/961/1838
s 115
f 1412/964/1854 1361/911/1855 1360/910/1856 1411/961/1857
f 1415/966/1858 1356/906/1859 1361/911/1855 1412/964/1854
f 1417/1981/1860 1358/1982/1861 1356/906/1859 1415/966/1858
f 1419/970/1862 1427/1768/1863 1358/907/1861 1417/968/1860
f 1421/972/1864 1355/904/1865 1427/1768/1863 1419/970/1862
f 1423/974/1866 1354/905/1867 1355/904/1865 1421/972/1864
f 1425/976/1868 1359/909/1869 1354/905/1867 1423/974/1866
f 1411/961/1857 1360/910/1856 1359/909/1869 1425/976/1868
s 116
f 1414/962/1870 1429/1761/1871 1428/1767/1872 1413/963/1873
f 1413/963/1873 1428/1767/1872 1430/1766/1874 1416/965/1875
f 1416/965/1875 1430/1766/1874 1431/1765/1876 1418/967/1877
f 1418/1979/1877 1431/1980/1876 1432/1764/1878 1420/969/1879
f 1420/969/1879 1432/1764/1878 1433/1763/1880 1422/971/1881
f 1422/971/1881 1433/1763/1880 1434/1762/1882 1424/973/1883
f 1424/973/1883 1434/1762/1882 1435/1760/1884 1426/975/1885
f 1426/975/1885 1435/1760/1884 1429/1761/1871 1414/962/1870
s 9
f 1436/986/1886 1439/987/1887 1438/988/1888 1437/989/1889
f 1440/990/1890 1436/986/1886 1437/989/1889 1441/991/1891
f 1407/958/1835 1443/992/1892 1442/993/1893 1405/956/1833
f 1438/988/1888 1439/987/1887 1383/932/1808 1393/943/1819
f 1383/932/1808 1439/987/1887 1436/986/1886 1385/934/1810
f 1387/936/1812 1440/990/1890 1441/991/1891 1394/944/1820
f 1409/960/1837 1444/994/1894 1443/992/1892 1407/958/1835
f 1385/934/1810 1436/986/1886 1440/990/1890 1387/936/1812
f 1389/938/1814 1395/945/1821 1396/1966/1824 1388/939/1815
f 1390/940/1816 1399/949/1825 1395/945/1821 1389/938/1814
f 1391/942/1818 1402/954/1830 1399/949/1825 1390/940/1816
f 1392/941/1817 1401/951/1827 1402/954/1830 1391/942/1818
f 1394/944/1820 1409/960/1837 1401/951/1827 1392/941/1817
f 1441/991/1891 1444/994/1894 1409/960/1837 1394/944/1820
f 1437/989/1889 1443/992/1892 1444/994/1894 1441/991/1891
f 1438/988/1888 1442/993/1893 1443/992/1892 1437/989/1889
f 1405/956/1833 1442/993/1893 1438/988/1888 1393/943/1819
f 1388/1965/1815 1396/948/1824 1405/956/1833 1393/943/1819
s 106
f 1445/995/1895 1448/996/1896 1447/997/1897 1446/998/1898
f 1449/999/1899 1452/1000/1900 1451/1001/1901 1450/1002/1902
f 1451/1001/1901 1452/1000/1900 1445/995/1895 1446/998/1898
f 1453/1003/1903 1456/1004/1904 1455/1005/1905 1454/1994/1906
f 1454/1006/1906 1455/2016/1905 1458/1007/1907 1457/1008/1908
f 1459/2015/1909 1462/1010/1910 1461/1011/1911 1460/1012/1912
f 1463/1013/1913 1466/1014/1914 1465/1015/1915 1464/1016/1916
f 1464/1016/1916 1465/1015/1915 1468/1017/1917 1467/1018/1918
f 1467/1018/1918 1468/1017/1917 1470/1019/1919 1469/1020/1920
f 1471/1021/1921 1472/1022/1922 1459/1009/1909 1460/2014/1912
f 1473/1023/1923 1476/1024/1924 1475/1025/1925 1474/1026/1926
f 1477/1027/1927 1478/1028/1928 1476/1024/1924 1473/1023/1923
f 1455/2016/1905 1459/1009/1909 1472/1022/1922 1458/1007/1907
f 1458/1007/1907 1472/1022/1922 1478/1028/1928 1477/1027/1927
f 1456/1004/1904 1462/1010/1910 1459/2015/1909 1455/1005/1905
f 1479/1029/1929 1336/888/1764 1337/887/1763 1480/1030/1930
f 1481/1031/1931 1347/896/1772 1336/888/1764 1479/1029/1929
f 1471/1021/1921 1346/897/1773 1347/896/1772 1481/1031/1931
f 1460/2014/1912 1345/895/1771 1346/897/1773 1471/1021/1921
f 1461/1011/1911 1335/885/1761 1345/2013/1771 1460/1012/1912
f 1352/901/1777 1353/903/1779 1357/2012/1784 1482/2011/1932
f 1352/901/1777 1482/2011/1932 1483/2008/1933 1351/2010/1778
f 1484/1034/1934 1351/902/1778 1483/2009/1933 1485/1035/1935
f 1486/1036/1936 1344/894/1770 1343/893/1769 1487/1037/1937
f 1488/1038/1938 1344/894/1770 1486/1036/1936
f 1427/977/1939 1355/1769/1780 1344/894/1770 1488/1038/1938
f 1489/1039/1940 1492/1040/1941 1491/2062/1942 1490/2065/1943
f 1484/1034/1934 1493/1999/1944 1351/902/1778
f 1350/899/1775 1351/2010/1778 1493/1043/1944
f 1483/2009/1933 1495/2007/1945 1494/1045/1946 1485/1035/1935
f 1482/1032/1932 1486/1036/1936 1495/1044/1945 1483/1033/1933
s off
f 1358/2019/1947 1427/977/1948 1488/1038/1949 1357/908/1950
f 1357/908/1951 1488/1038/1952 1486/1036/1953 1482/1032/1954
s 106
f 1496/2063/1955 1497/2064/1956 1489/1039/1940 1490/2065/1943
f 1492/1040/1941 1499/2061/1957 1498/2057/1958 1491/2062/1942
f 1500/1050/1959 1503/1051/1960 1502/1052/1961 1501/1053/1962
f 1504/1054/1963 1507/1055/1964 1506/1056/1965 1505/1057/1966
f 1507/1055/1964 1509/1058/1967 1508/1059/1968 1506/1056/1965
f 1503/1051/1960 1511/1060/1969 1510/1061/1970 1502/1052/1961
f 1509/1058/1967 1513/1062/1971 1512/2000/1972 1508/1059/1968
f 1513/1062/1971 1515/1064/1973 1514/2060/1974 1512/2000/1972
f 1516/1066/1975 1514/1989/1974 1515/2055/1973 1517/1067/1976
f 1484/1034/1934 1485/1035/1935 1505/1057/1966 1506/1056/1965
f 1494/1045/1946 1518/1068/1977 1505/1057/1966 1485/1035/1935
f 1510/1061/1970 1511/1060/1969 1520/1069/1978 1519/1070/1979
f 1448/996/1896 1522/1071/1980 1521/1072/1981 1447/997/1897
f 1523/1073/1982 1466/1014/1914 1463/1013/1913 1524/1074/1983
f 1474/1026/1926 1475/1025/1925 1526/1075/1984 1525/1076/1985
f 1480/1030/1930 1337/887/1763 1528/1077/1986 1527/1078/1987
f 1486/1036/1936 1487/1037/1937 1495/1044/1945
f 1495/2007/1945 1487/2006/1937 1529/2005/1988 1494/1045/1946
f 1529/2005/1988 1530/1080/1989 1518/1068/1977 1494/1045/1946
f 1531/1081/1990 1534/1082/1991 1533/2004/1992 1532/1987/1993
f 1534/1082/1991 1536/1085/1994 1535/2003/1995 1533/2004/1992
f 1537/2001/1996 1535/2003/1995 1536/1085/1994 1538/1088/1997
f 1538/1088/1997 1539/1089/1998 1338/886/1762 1537/2001/1996
f 1532/1084/1993 1533/1083/1992 1456/1004/1904 1453/1003/1903
f 1461/1011/1911 1462/1010/1910 1535/1086/1995 1537/1087/1996
f 1533/1083/1992 1535/1086/1995 1462/1010/1910 1456/1004/1904
f 1537/1087/1996 1338/2002/1762 1335/885/1761 1461/1011/1911
f 1540/1090/1999 1525/1076/1985 1534/1082/1991 1531/1081/1990
f 1526/1075/1984 1536/1085/1994 1534/1082/1991 1525/1076/1985
f 1526/1075/1984 1527/1078/1987 1538/1088/1997 1536/1085/1994
f 1528/1077/1986 1539/1089/1998 1538/1088/1997 1527/1078/1987
f 1508/1059/1968 1541/1091/2000 1484/1034/1934 1506/1056/1965
f 1508/1059/1968 1512/2000/1972 1542/1998/2001 1541/1091/2000
f 1493/1999/1944 1484/1034/1934 1541/1091/2000 1542/1998/2001
f 1543/1093/2002 1546/1094/2003 1545/1095/2004 1544/1096/2005
f 1547/1097/2006 1550/1098/2007 1549/1099/2008 1548/1100/2009
f 1551/1101/2010 1543/1093/2002 1544/1096/2005 1552/1102/2011
f 1553/1103/2012 1551/1101/2010 1552/1102/2011 1554/1104/2013
f 1555/2056/2014 1553/1103/2012 1554/1104/2013 1556/1106/2015
f 1557/1107/2016 1555/1105/2014 1556/2059/2015 1558/1108/2017
f 1559/1109/2018 1562/1110/2019 1561/1111/2020 1560/1112/2021
f 1548/1100/2009 1549/1099/2008 1562/1110/2019 1559/1109/2018
f 1563/1113/2022 1492/1040/1941 1489/1039/1940 1564/1114/2023
f 1490/1042/1943 1491/1041/1942 1554/1104/2013 1552/1102/2011
f 1556/2059/2015 1498/1049/1958 1499/1048/1957 1558/1108/2017
f 1545/1095/2004 1497/1047/1956 1496/1046/1955 1544/1096/2005
f 1497/1047/1956 1545/1095/2004 1564/1114/2023 1489/1039/1940
f 1558/1108/2017 1499/1048/1957 1492/1040/1941 1563/1113/2022
f 1490/1042/1943 1552/1102/2011 1544/1096/2005 1496/1046/1955
f 1498/2058/1958 1556/1106/2015 1554/1104/2013 1491/1041/1942
f 1517/1067/1976 1557/1107/2016 1566/1115/2024 1565/1116/2025
f 1507/1055/1964 1504/1054/1963 1546/1094/2003 1543/1093/2002
f 1551/1101/2010 1509/1058/1967 1507/1055/1964 1543/1093/2002
f 1553/1103/2012 1513/1062/1971 1509/1058/1967 1551/1101/2010
f 1555/2056/2014 1515/1064/1973 1513/1062/1971 1553/1103/2012
f 1515/2055/1973 1555/1105/2014 1557/1107/2016 1517/1067/1976
f 1567/1117/2026 1565/1116/2025 1566/1115/2024 1568/1118/2027
f 1546/1094/2003 1504/1054/1963 1567/1117/2026 1568/1118/2027
f 1545/1095/2004 1547/1097/2006 1548/1100/2009 1564/1114/2023
f 1560/1112/2021 1561/1111/2020 1557/1107/2016 1558/1108/2017
f 1563/1113/2022 1559/1109/2018 1560/1112/2021 1558/1108/2017
f 1564/1114/2023 1548/1100/2009 1559/1109/2018 1563/1113/2022
f 1557/1107/2016 1561/1111/2020 1562/1110/2019 1566/1115/2024
f 1566/1115/2024 1562/1110/2019 1549/1099/2008 1568/1118/2027
f 1547/1097/2006 1545/1095/2004 1546/1094/2003 1550/1098/2007
f 1568/1118/2027 1549/1099/2008 1550/1098/2007 1546/1094/2003
f 1338/886/1762 1539/1089/1998 1528/1077/1986 1337/887/1763
f 1569/1119/2028 1446/998/1898 1447/997/1897 1570/1120/2029
f 1474/1026/1926 1448/996/1896 1445/995/1895 1473/1023/1923
f 1458/1007/1907 1449/999/1899 1450/1002/1902 1457/1008/1908
f 1457/1008/1908 1450/1002/1902 1451/1001/1901 1571/1121/2030
f 1477/1027/1927 1452/1000/1900 1449/999/1899 1458/1007/1907
f 1571/1121/2030 1451/1001/1901 1446/998/1898 1569/1119/2028
f 1473/1023/1923 1445/995/1895 1452/1000/1900 1477/1027/1927
f 1570/1120/2029 1447/997/1897 1521/1072/1981 1540/1090/1999
f 1540/1090/1999 1521/1072/1981 1522/1071/1980 1525/1076/1985
f 1525/1076/1985 1522/1071/1980 1448/996/1896 1474/1026/1926
f 1480/1030/1930 1463/1013/1913 1464/1016/1916 1479/1029/1929
f 1476/1024/1924 1465/1015/1915 1466/1014/1914 1475/1025/1925
f 1479/1029/1929 1464/1016/1916 1467/1018/1918 1481/1031/1931
f 1478/1028/1928 1468/1017/1917 1465/1015/1915 1476/1024/1924
f 1481/1031/1931 1467/1018/1918 1469/1020/1920 1471/1021/1921
f 1471/1021/1921 1469/1020/1920 1470/1019/1919 1472/1022/1922
f 1472/1022/1922 1470/1019/1919 1468/1017/1917 1478/1028/1928
f 1526/1075/1984 1523/1073/1982 1524/1074/1983 1527/1078/1987
f 1527/1078/1987 1524/1074/1983 1463/1013/1913 1480/1030/1930
f 1475/1025/1925 1466/1014/1914 1523/1073/1982 1526/1075/1984
f 1572/1122/2031 1575/1123/2032 1574/1124/2033 1573/1125/2034
f 1573/1125/2034 1577/1126/2035 1576/1127/2036 1572/1122/2031
f 1577/1126/2035 1579/1128/2037 1578/1129/2038 1576/1127/2036
f 1579/1128/2037 1581/1130/2039 1580/1131/2040 1578/1129/2038
f 1582/1132/2041 1585/1133/2042 1584/1995/2043 1583/1135/2044
f 1585/1996/2042 1587/1136/2045 1586/1137/2046 1584/1134/2043
f 1587/1136/2045 1589/1138/2047 1588/1988/2048 1586/1137/2046
f 1589/1991/2047 1591/1140/2049 1590/1141/2050 1588/1139/2048
f 1592/1142/2051 1590/1141/2050 1591/1140/2049 1593/1143/2052
f 1341/891/1767 1595/1144/2053 1594/1145/2054 1340/892/1768
f 1596/1146/2055 1343/893/1769 1340/892/1768 1594/1145/2054
f 1350/1997/1775 1585/1133/2042 1582/1132/2041 1349/900/1776
f 1585/1996/2042 1350/899/1775 1493/1043/1944 1587/1136/2045
f 1349/900/1776 1582/1132/2041 1595/1144/2053 1341/891/1767
f 1570/1120/2029 1598/1147/2056 1597/1148/2057 1569/1119/2028
f 1599/1149/2058 1571/1121/2030 1569/1119/2028 1597/1148/2057
f 1457/1008/1908 1583/1135/2044 1584/1995/2043 1454/1006/1906
f 1583/1135/2044 1457/1008/1908 1571/1121/2030 1599/1149/2058
f 1454/1994/1906 1584/1134/2043 1586/1137/2046 1453/1003/1903
f 1487/1037/1937 1343/893/1769 1596/1146/2055 1529/1079/1988
f 1530/1992/1989 1593/1143/2052 1591/1140/2049 1516/1993/1975
f 1516/1993/1975 1591/1140/2049 1589/1991/2047 1514/1065/1974
f 1453/1003/1903 1586/1137/2046 1588/1988/2048 1532/1084/1993
f 1540/1090/1999 1592/1142/2051 1598/1147/2056 1570/1120/2029
f 1596/1146/2055 1593/1143/2052 1530/1992/1989 1529/1079/1988
f 1590/1141/2050 1592/1142/2051 1540/1090/1999 1531/1081/1990
f 1588/1139/2048 1590/1141/2050 1531/1081/1990 1532/1987/1993
f 1514/1990/1974 1589/1138/2047 1542/1092/2001 1512/1063/1972
f 1589/1138/2047 1587/1136/2045 1493/1043/1944 1542/1092/2001
f 1599/1149/2058 1573/1125/2034 1574/1124/2033 1583/1135/2044
f 1583/1135/2044 1574/1124/2033 1575/1123/2032 1582/1132/2041
f 1582/1132/2041 1575/1123/2032 1572/1122/2031 1595/1144/2053
f 1595/1144/2053 1572/1122/2031 1576/1127/2036 1594/1145/2054
f 1597/1148/2057 1577/1126/2035 1573/1125/2034 1599/1149/2058
f 1594/1145/2054 1576/1127/2036 1578/1129/2038 1596/1146/2055
f 1598/1147/2056 1579/1128/2037 1577/1126/2035 1597/1148/2057
f 1596/1146/2055 1578/1129/2038 1580/1131/2040 1593/1143/2052
f 1593/1143/2052 1580/1131/2040 1581/1130/2039 1592/1142/2051
f 1592/1142/2051 1581/1130/2039 1579/1128/2037 1598/1147/2056
f 1505/1057/1966 1500/1050/1959 1501/1053/1962 1504/1054/1963
f 1504/1054/1963 1501/1053/1962 1502/1052/1961 1567/1117/2026
f 1518/1068/1977 1503/1051/1960 1500/1050/1959 1505/1057/1966
f 1567/1117/2026 1502/1052/1961 1510/1061/1970 1565/1116/2025
f 1530/1080/1989 1511/1060/1969 1503/1051/1960 1518/1068/1977
f 1565/1116/2025 1510/1061/1970 1519/1070/1979 1517/1067/1976
f 1517/1067/1976 1519/1070/1979 1520/1069/1978 1516/1066/1975
f 1516/1066/1975 1520/1069/1978 1511/1060/1969 1530/1080/1989
s 9
f 202/35/115 1366/917/1793 1600/1150/2059 108/167/113
f 200/168/251 1601/1151/2060 1363/912/1788 203/150/248
f 1364/914/1790 1603/1152/2061 1602/1153/2062 1365/915/1791
f 1362/913/1789 1363/912/1788 1604/1154/2063 1368/918/1794
f 1602/1153/2062 1603/1152/2061 1606/1155/2064 1605/1156/2065
f 1601/1151/2060 1607/1157/2066 1604/1154/2063 1363/912/1788
f 1600/1150/2059 1608/1158/2067 1370/919/1795 108/167/113
f 200/168/251 1371/921/1797 1609/1159/2068 1601/1151/2060
f 1365/915/1791 1367/916/1792 121/56/136 970/158/256
f 1602/1153/2062 1366/917/1793 1367/916/1792 1365/915/1791
f 1366/917/1793 1602/1153/2062 1605/1156/2065 1600/1150/2059
f 1368/918/1794 1364/914/1790 226/157/255 983/189/285
f 1604/1154/2063 1603/1152/2061 1364/914/1790 1368/918/1794
f 1607/1157/2066 1606/1155/2064 1603/1152/2061 1604/1154/2063
f 1605/1156/2065 1610/1160/2069 1608/1158/2067 1600/1150/2059
f 1601/1151/2060 1609/1159/2068 1611/1161/2070 1607/1157/2066
f 1606/1155/2064 1612/1162/2071 1610/1160/2069 1605/1156/2065
f 1607/1157/2066 1611/1161/2070 1612/1162/2071 1606/1155/2064
f 1370/919/1795 1372/922/1798 1373/1964/1801 1369/920/1796
f 1608/1158/2067 1376/926/1802 1372/922/1798 1370/919/1795
f 1610/1160/2069 1379/931/1807 1376/926/1802 1608/1158/2067
f 1612/1162/2071 1378/928/1804 1379/931/1807 1610/1160/2069
f 1611/1161/2070 1386/937/1813 1378/928/1804 1612/1162/2071
f 1609/1159/2068 1384/935/1811 1386/937/1813 1611/1161/2070
f 1371/921/1797 1382/933/1809 1384/935/1811 1609/1159/2068
f 1369/1963/1796 1373/925/1801 1382/933/1809 1371/921/1797
f 1398/946/1822 1432/982/2072 1431/1976/2073 1397/947/1823
f 1400/950/1826 1433/983/2074 1432/982/2072 1398/946/1822
f 1403/953/1829 1434/984/2075 1433/983/2074 1400/950/1826
f 1404/952/1828 1435/985/2076 1434/984/2075 1403/953/1829
f 1410/959/1836 1429/978/2077 1435/985/2076 1404/952/1828
f 1408/957/1834 1428/979/2078 1429/978/2077 1410/959/1836
f 1406/955/1832 1430/980/2079 1428/979/2078 1408/957/1834
f 1397/1975/1831 1431/981/2080 1430/980/2079 1406/955/1832
s off
f 64/1599/2081 38/1602/2082 1615/1606/2083 1616/1603/2084
f 38/1636/2085 42/1635/2086 41/1638/2087 1615/1639/2088
f 48/1650/2089 47/1651/2090 1617/1647/2091 45/1646/2092
f 47/1623/2093 56/1618/2094 1618/1613/2095 1617/1617/2096
f 56/1618/2097 49/1619/2098 46/1614/2099 1618/1613/2100
f 40/1600/2101 64/1599/2102 1616/1603/2103 39/1604/2104
f 1616/1603/2105 1615/1606/2106 1619/1612/2107 1620/1607/2108
f 1615/1639/2109 41/1638/2110 43/1642/2111 1619/1643/2112
f 45/1646/2113 1617/1647/2114 1619/1643/2115 43/1642/2116
f 1617/1617/2117 1618/1613/2118 1620/1607/2119 1619/1612/2120
f 1618/1613/2121 46/1614/2122 44/1608/2123 1620/1607/2124
f 39/1604/2125 1616/1603/2126 1620/1607/2127 44/1608/2128
s 69
f 1149/1457/2129 1150/1458/2130 1151/1454/1010 1159/1453/1009
f 1157/1460/2131 1153/1459/2132 1154/1463/2133 1156/1464/2134
f 1158/1456/1012 1152/1455/1011 1153/1459/2132 1157/1460/2131
f 1156/1464/2134 1154/1463/2133 1155/1467/2135
s 70
f 1165/1461/1030 1164/1462/1029 1150/1458/2136 1149/1457/2137
f 1168/1470/2138 1160/1471/2139 1162/1469/2140 1167/1468/2141
f 1167/1468/2141 1162/1469/2140 1163/1466/1028 1166/1465/1027
f 1161/1472/2142 1160/1471/2139 1168/1470/2138
s off
f 65/1610/2143 66/1609/2144 75/1660/2145
f 71/1577/2146 73/1653/2147 78/1578/2148
f 66/1609/2149 76/1621/2150 75/1660/2151
f 77/1576/2152 71/1577/2153 78/1578/2154
f 70/1658/2155 67/1654/2156 76/1657/2157 1621/1659/2158
f 72/1550/2159 70/1658/2160 1621/1659/2161 77/1551/2162
f 66/1609/2163 69/1615/2164 1621/1620/2165 76/1621/2166
f 69/1615/2167 71/1577/2168 77/1576/2169 1621/1620/2170
s 58
f 1622/1410/1021 745/1409/1069 604/1419/881 662/1420/882
f 1623/2329/1022 1622/1410/1021 662/1420/882 707/2334/1018
f 1624/1428/1025 1623/1421/1022 707/1427/1018 669/1433/869
f 597/2300/868 736/1434/1053 1624/1428/1025 669/1433/869
f 1625/1422/1026 737/1429/1052 596/1423/865 670/1412/866
f 708/2328/1016 1626/2327/1019 1625/1422/1026 670/1412/866
f 1627/1400/1020 1626/1411/1019 708/1401/1016 678/1393/851
f 588/2299/850 744/1399/1070 1627/1400/1020 678/1393/851
